year_month,SPI,model
2025-01,-0.587823842719995,CMCC_CM2_VHR4
2025-02,-0.4740526730232674,CMCC_CM2_VHR4
2025-03,-0.1450934205677573,CMCC_CM2_VHR4
2025-04,-0.4724558920939835,CMCC_CM2_VHR4
2025-05,-0.3776437141457942,CMCC_CM2_VHR4
2025-06,0.3662734732105173,CMCC_CM2_VHR4
2025-07,0.7975602906657918,CMCC_CM2_VHR4
2025-08,1.3474242503911467,CMCC_CM2_VHR4
2025-09,1.3769875932217168,CMCC_CM2_VHR4
2025-10,1.7326682976580006,CMCC_CM2_VHR4
2025-11,-0.03611914981438472,CMCC_CM2_VHR4
2025-12,-0.7900695024470359,CMCC_CM2_VHR4
2026-01,-0.49046747966051696,CMCC_CM2_VHR4
2026-02,-0.7900695024470359,CMCC_CM2_VHR4
2026-03,-0.6670887527237771,CMCC_CM2_VHR4
2026-04,-0.7900695024470359,CMCC_CM2_VHR4
2026-05,-0.21165699206911281,CMCC_CM2_VHR4
2026-06,0.528057742571618,CMCC_CM2_VHR4
2026-07,1.354232646841885,CMCC_CM2_VHR4
2026-08,1.3347056397859727,CMCC_CM2_VHR4
2026-09,1.2520760376517768,CMCC_CM2_VHR4
2026-10,0.520890104715544,CMCC_CM2_VHR4
2026-11,-0.21561854706947506,CMCC_CM2_VHR4
2026-12,-0.7900695024470359,CMCC_CM2_VHR4
2027-01,-0.7900695024470359,CMCC_CM2_VHR4
2027-02,-0.7900695024470359,CMCC_CM2_VHR4
2027-03,-0.7900695024470359,CMCC_CM2_VHR4
2027-04,-0.5862902616551758,CMCC_CM2_VHR4
2027-05,-0.5328716279745143,CMCC_CM2_VHR4
2027-06,-0.02818628725485885,CMCC_CM2_VHR4
2027-07,0.7701592991432895,CMCC_CM2_VHR4
2027-08,0.8903872929849064,CMCC_CM2_VHR4
2027-09,1.3715237666924507,CMCC_CM2_VHR4
2027-10,0.46175617534961916,CMCC_CM2_VHR4
2027-11,-0.7900695024470359,CMCC_CM2_VHR4
2027-12,-0.7900695024470359,CMCC_CM2_VHR4
2028-01,-0.7900695024470359,CMCC_CM2_VHR4
2028-02,-0.24795017401861946,CMCC_CM2_VHR4
2028-03,-0.14462405211623852,CMCC_CM2_VHR4
2028-04,-0.6259667696595504,CMCC_CM2_VHR4
2028-05,-0.09593415056897163,CMCC_CM2_VHR4
2028-06,0.30434233377334324,CMCC_CM2_VHR4
2028-07,0.6490640067807328,CMCC_CM2_VHR4
2028-08,0.7620203390169918,CMCC_CM2_VHR4
2028-09,1.1336090330115036,CMCC_CM2_VHR4
2028-10,0.47827225983305655,CMCC_CM2_VHR4
2028-11,-0.46931642781723887,CMCC_CM2_VHR4
2028-12,-0.48388051108063995,CMCC_CM2_VHR4
2029-01,-0.6210445353746499,CMCC_CM2_VHR4
2029-02,-0.6407146310139241,CMCC_CM2_VHR4
2029-03,-0.7900695024470359,CMCC_CM2_VHR4
2029-04,-0.3916164297443893,CMCC_CM2_VHR4
2029-05,0.12235371203336648,CMCC_CM2_VHR4
2029-06,0.2559181089423613,CMCC_CM2_VHR4
2029-07,0.6034282272703031,CMCC_CM2_VHR4
2029-08,1.4489240602455205,CMCC_CM2_VHR4
2029-09,1.5566567881331956,CMCC_CM2_VHR4
2029-10,0.8187479830086788,CMCC_CM2_VHR4
2029-11,-0.07431497943426293,CMCC_CM2_VHR4
2029-12,-0.7900695024470359,CMCC_CM2_VHR4
2030-01,-0.7900695024470359,CMCC_CM2_VHR4
2030-02,-0.7900695024470359,CMCC_CM2_VHR4
2030-03,-0.5096140465279508,CMCC_CM2_VHR4
2030-04,-0.4448401492705938,CMCC_CM2_VHR4
2030-05,0.06478161529633497,CMCC_CM2_VHR4
2030-06,0.2474818772127819,CMCC_CM2_VHR4
2030-07,0.806264170088268,CMCC_CM2_VHR4
2030-08,1.0452055751492735,CMCC_CM2_VHR4
2030-09,1.2927736204921394,CMCC_CM2_VHR4
2030-10,1.1013208749671168,CMCC_CM2_VHR4
2030-11,-0.39720685975265707,CMCC_CM2_VHR4
2030-12,-0.6151447577713445,CMCC_CM2_VHR4
2031-01,-0.7900695024470359,CMCC_CM2_VHR4
2031-02,-0.5781495196748233,CMCC_CM2_VHR4
2031-03,-0.7900695024470359,CMCC_CM2_VHR4
2031-04,-0.5507548908109534,CMCC_CM2_VHR4
2031-05,-0.189749645531988,CMCC_CM2_VHR4
2031-06,1.031279800216572,CMCC_CM2_VHR4
2031-07,1.329807030595301,CMCC_CM2_VHR4
2031-08,1.6529235676222618,CMCC_CM2_VHR4
2031-09,2.325795535584895,CMCC_CM2_VHR4
2031-10,1.8389455841791629,CMCC_CM2_VHR4
2031-11,-0.40937459791019976,CMCC_CM2_VHR4
2031-12,-0.5653424892760779,CMCC_CM2_VHR4
2032-01,-0.3089186978818098,CMCC_CM2_VHR4
2032-02,-0.5311398252952042,CMCC_CM2_VHR4
2032-03,-0.7900695024470359,CMCC_CM2_VHR4
2032-04,-0.5504448196993333,CMCC_CM2_VHR4
2032-05,0.2590723384512732,CMCC_CM2_VHR4
2032-06,0.3367160812592328,CMCC_CM2_VHR4
2032-07,0.7454452672327819,CMCC_CM2_VHR4
2032-08,1.493589185329785,CMCC_CM2_VHR4
2032-09,1.1285446577596066,CMCC_CM2_VHR4
2032-10,0.5692746318727279,CMCC_CM2_VHR4
2032-11,0.12378595296073411,CMCC_CM2_VHR4
2032-12,-0.7900695024470359,CMCC_CM2_VHR4
2033-01,-0.5391666421944548,CMCC_CM2_VHR4
2033-02,-0.12143888577984431,CMCC_CM2_VHR4
2033-03,-0.18585095586230993,CMCC_CM2_VHR4
2033-04,-0.22056628963528346,CMCC_CM2_VHR4
2033-05,0.1226036355457288,CMCC_CM2_VHR4
2033-06,0.315198328330389,CMCC_CM2_VHR4
2033-07,0.49489718417331596,CMCC_CM2_VHR4
2033-08,0.8950813629425296,CMCC_CM2_VHR4
2033-09,0.8384722040717892,CMCC_CM2_VHR4
2033-10,0.37303836559815146,CMCC_CM2_VHR4
2033-11,-0.04537684771581747,CMCC_CM2_VHR4
2033-12,-0.7900695024470359,CMCC_CM2_VHR4
2034-01,-0.24233915963264246,CMCC_CM2_VHR4
2034-02,-0.7900695024470359,CMCC_CM2_VHR4
2034-03,-0.4267336101122603,CMCC_CM2_VHR4
2034-04,-0.43490140981620923,CMCC_CM2_VHR4
2034-05,0.26074810584999875,CMCC_CM2_VHR4
2034-06,-0.022195677896954487,CMCC_CM2_VHR4
2034-07,0.3392621302851904,CMCC_CM2_VHR4
2034-08,0.6394255764490515,CMCC_CM2_VHR4
2034-09,1.0614042434058513,CMCC_CM2_VHR4
2034-10,0.7973986394139158,CMCC_CM2_VHR4
2034-11,0.07018242732199267,CMCC_CM2_VHR4
2034-12,-0.7900695024470359,CMCC_CM2_VHR4
2035-01,-0.40882226541382993,CMCC_CM2_VHR4
2035-02,-0.7900695024470359,CMCC_CM2_VHR4
2035-03,-0.7900695024470359,CMCC_CM2_VHR4
2035-04,-0.7900695024470359,CMCC_CM2_VHR4
2035-05,-0.5009813534966159,CMCC_CM2_VHR4
2035-06,0.08360712947922931,CMCC_CM2_VHR4
2035-07,1.0845255630301458,CMCC_CM2_VHR4
2035-08,1.2376425612882147,CMCC_CM2_VHR4
2035-09,1.425698775960522,CMCC_CM2_VHR4
2035-10,0.4549183122075033,CMCC_CM2_VHR4
2035-11,-0.468759736495429,CMCC_CM2_VHR4
2035-12,-0.4880241575675542,CMCC_CM2_VHR4
2036-01,-0.7900695024470359,CMCC_CM2_VHR4
2036-02,-0.7900695024470359,CMCC_CM2_VHR4
2036-03,-0.7900695024470359,CMCC_CM2_VHR4
2036-04,-0.456103592055238,CMCC_CM2_VHR4
2036-05,0.32208268747371194,CMCC_CM2_VHR4
2036-06,0.4826857529718378,CMCC_CM2_VHR4
2036-07,1.1691634501568713,CMCC_CM2_VHR4
2036-08,1.3067163293000728,CMCC_CM2_VHR4
2036-09,2.305902198656757,CMCC_CM2_VHR4
2036-10,1.2951258297698787,CMCC_CM2_VHR4
2036-11,-0.5693900857107106,CMCC_CM2_VHR4
2036-12,-0.7900695024470359,CMCC_CM2_VHR4
2037-01,-0.7900695024470359,CMCC_CM2_VHR4
2037-02,-0.4199323945188249,CMCC_CM2_VHR4
2037-03,-0.7900695024470359,CMCC_CM2_VHR4
2037-04,-0.7900695024470359,CMCC_CM2_VHR4
2037-05,0.23682117709372746,CMCC_CM2_VHR4
2037-06,0.9874488337205963,CMCC_CM2_VHR4
2037-07,0.9122677487085927,CMCC_CM2_VHR4
2037-08,1.5572998144463521,CMCC_CM2_VHR4
2037-09,2.1796003000792026,CMCC_CM2_VHR4
2037-10,0.9187929714001133,CMCC_CM2_VHR4
2037-11,-0.5690844646613441,CMCC_CM2_VHR4
2037-12,-0.7900695024470359,CMCC_CM2_VHR4
2038-01,-0.7900695024470359,CMCC_CM2_VHR4
2038-02,-0.7900695024470359,CMCC_CM2_VHR4
2038-03,-0.4924524082527274,CMCC_CM2_VHR4
2038-04,-0.7900695024470359,CMCC_CM2_VHR4
2038-05,-0.3022368224378311,CMCC_CM2_VHR4
2038-06,0.06948166069737298,CMCC_CM2_VHR4
2038-07,0.49212227363820393,CMCC_CM2_VHR4
2038-08,1.030783605083374,CMCC_CM2_VHR4
2038-09,1.4727213456413721,CMCC_CM2_VHR4
2038-10,0.21709843719216032,CMCC_CM2_VHR4
2038-11,-0.24970960984915902,CMCC_CM2_VHR4
2038-12,-0.7900695024470359,CMCC_CM2_VHR4
2039-01,-0.635406911610333,CMCC_CM2_VHR4
2039-02,-0.6599114507544054,CMCC_CM2_VHR4
2039-03,-0.7900695024470359,CMCC_CM2_VHR4
2039-04,-0.48965422870817793,CMCC_CM2_VHR4
2039-05,0.05079612455085317,CMCC_CM2_VHR4
2039-06,0.2738644805057218,CMCC_CM2_VHR4
2039-07,0.8747657566126796,CMCC_CM2_VHR4
2039-08,1.5027143519328678,CMCC_CM2_VHR4
2039-09,1.458357600948259,CMCC_CM2_VHR4
2039-10,0.6993556001161771,CMCC_CM2_VHR4
2039-11,-0.34537356221964954,CMCC_CM2_VHR4
2039-12,-0.7900695024470359,CMCC_CM2_VHR4
2040-01,-0.7900695024470359,CMCC_CM2_VHR4
2040-02,-0.4198597649439556,CMCC_CM2_VHR4
2040-03,-0.49099142071199076,CMCC_CM2_VHR4
2040-04,-0.7900695024470359,CMCC_CM2_VHR4
2040-05,-0.369699372648166,CMCC_CM2_VHR4
2040-06,0.4167042400408877,CMCC_CM2_VHR4
2040-07,0.7051902827012151,CMCC_CM2_VHR4
2040-08,1.030391111656977,CMCC_CM2_VHR4
2040-09,1.5136641298720708,CMCC_CM2_VHR4
2040-10,2.4753020268244317,CMCC_CM2_VHR4
2040-11,-0.7900695024470359,CMCC_CM2_VHR4
2040-12,-0.7900695024470359,CMCC_CM2_VHR4
2041-01,-0.7900695024470359,CMCC_CM2_VHR4
2041-02,-0.6112419201578284,CMCC_CM2_VHR4
2041-03,-0.5932895706954826,CMCC_CM2_VHR4
2041-04,-0.5079495363332233,CMCC_CM2_VHR4
2041-05,-0.174555960459782,CMCC_CM2_VHR4
2041-06,0.5024738043298542,CMCC_CM2_VHR4
2041-07,1.1899413628714148,CMCC_CM2_VHR4
2041-08,1.279559011159463,CMCC_CM2_VHR4
2041-09,1.9238849347726341,CMCC_CM2_VHR4
2041-10,1.3267408969795098,CMCC_CM2_VHR4
2041-11,-0.22640274868641352,CMCC_CM2_VHR4
2041-12,-0.7900695024470359,CMCC_CM2_VHR4
2042-01,-0.3237063470872319,CMCC_CM2_VHR4
2042-02,-0.7900695024470359,CMCC_CM2_VHR4
2042-03,-0.10315730730976827,CMCC_CM2_VHR4
2042-04,-0.3526430055690325,CMCC_CM2_VHR4
2042-05,-0.27232109975866453,CMCC_CM2_VHR4
2042-06,0.49552622801968194,CMCC_CM2_VHR4
2042-07,0.7654552515130173,CMCC_CM2_VHR4
2042-08,1.287634264186592,CMCC_CM2_VHR4
2042-09,1.5332958507866472,CMCC_CM2_VHR4
2042-10,0.5530210955334958,CMCC_CM2_VHR4
2042-11,-0.7900695024470359,CMCC_CM2_VHR4
2042-12,-0.34335264097478657,CMCC_CM2_VHR4
2043-01,-0.6152020669021933,CMCC_CM2_VHR4
2043-02,-0.4967149773172426,CMCC_CM2_VHR4
2043-03,-0.7900695024470359,CMCC_CM2_VHR4
2043-04,-0.5098132104583976,CMCC_CM2_VHR4
2043-05,0.009388683689038318,CMCC_CM2_VHR4
2043-06,-0.0882051504100596,CMCC_CM2_VHR4
2043-07,0.6881078358429132,CMCC_CM2_VHR4
2043-08,1.4872571213203274,CMCC_CM2_VHR4
2043-09,2.376726037042939,CMCC_CM2_VHR4
2043-10,0.7692044565075064,CMCC_CM2_VHR4
2043-11,-0.39524958378706787,CMCC_CM2_VHR4
2043-12,-0.7900695024470359,CMCC_CM2_VHR4
2044-01,-0.7900695024470359,CMCC_CM2_VHR4
2044-02,-0.7900695024470359,CMCC_CM2_VHR4
2044-03,-0.7900695024470359,CMCC_CM2_VHR4
2044-04,-0.47205811920299784,CMCC_CM2_VHR4
2044-05,0.1862229097275194,CMCC_CM2_VHR4
2044-06,0.5231709692378057,CMCC_CM2_VHR4
2044-07,1.1552329022972425,CMCC_CM2_VHR4
2044-08,1.039091875391441,CMCC_CM2_VHR4
2044-09,2.0583572940647703,CMCC_CM2_VHR4
2044-10,0.5902145941906304,CMCC_CM2_VHR4
2044-11,-0.5365057919063875,CMCC_CM2_VHR4
2044-12,-0.6102559318680627,CMCC_CM2_VHR4
2045-01,0.02466776399095684,CMCC_CM2_VHR4
2045-02,-0.7900695024470359,CMCC_CM2_VHR4
2045-03,-0.7900695024470359,CMCC_CM2_VHR4
2045-04,-0.7900695024470359,CMCC_CM2_VHR4
2045-05,-0.18791243810605826,CMCC_CM2_VHR4
2045-06,0.3630679366739899,CMCC_CM2_VHR4
2045-07,0.7452797811405395,CMCC_CM2_VHR4
2045-08,1.4469699028159186,CMCC_CM2_VHR4
2045-09,1.1782134006155933,CMCC_CM2_VHR4
2045-10,0.5253388483025779,CMCC_CM2_VHR4
2045-11,-0.2961496081991189,CMCC_CM2_VHR4
2045-12,-0.7900695024470359,CMCC_CM2_VHR4
2046-01,-0.47294881243168807,CMCC_CM2_VHR4
2046-02,-0.34414442916760024,CMCC_CM2_VHR4
2046-03,-0.7900695024470359,CMCC_CM2_VHR4
2046-04,-0.627027027747047,CMCC_CM2_VHR4
2046-05,-0.2703240540176946,CMCC_CM2_VHR4
2046-06,0.3854358631585095,CMCC_CM2_VHR4
2046-07,1.1797101687991969,CMCC_CM2_VHR4
2046-08,1.359262843540272,CMCC_CM2_VHR4
2046-09,1.0399073219912822,CMCC_CM2_VHR4
2046-10,1.011662173222422,CMCC_CM2_VHR4
2046-11,-0.051597289326711926,CMCC_CM2_VHR4
2046-12,-0.43595634198002786,CMCC_CM2_VHR4
2047-01,-0.7900695024470359,CMCC_CM2_VHR4
2047-02,-0.7900695024470359,CMCC_CM2_VHR4
2047-03,-0.6403367907230283,CMCC_CM2_VHR4
2047-04,-0.5264544295503608,CMCC_CM2_VHR4
2047-05,-0.08674166669121074,CMCC_CM2_VHR4
2047-06,0.6389450481592003,CMCC_CM2_VHR4
2047-07,1.2175431120722584,CMCC_CM2_VHR4
2047-08,1.415069610024411,CMCC_CM2_VHR4
2047-09,1.7431621589893644,CMCC_CM2_VHR4
2047-10,0.8321512872157407,CMCC_CM2_VHR4
2047-11,-0.06076439005031176,CMCC_CM2_VHR4
2047-12,-0.7900695024470359,CMCC_CM2_VHR4
2048-01,-0.7900695024470359,CMCC_CM2_VHR4
2048-02,-0.7900695024470359,CMCC_CM2_VHR4
2048-03,0.005344253622945264,CMCC_CM2_VHR4
2048-04,-0.7900695024470359,CMCC_CM2_VHR4
2048-05,-0.10660567376864916,CMCC_CM2_VHR4
2048-06,0.5048464022901876,CMCC_CM2_VHR4
2048-07,0.9839319845511586,CMCC_CM2_VHR4
2048-08,1.315542281064777,CMCC_CM2_VHR4
2048-09,1.302013818433533,CMCC_CM2_VHR4
2048-10,0.3954100297184597,CMCC_CM2_VHR4
2048-11,0.03206714808036887,CMCC_CM2_VHR4
2048-12,-0.7900695024470359,CMCC_CM2_VHR4
2049-01,-0.7900695024470359,CMCC_CM2_VHR4
2049-02,-0.7900695024470359,CMCC_CM2_VHR4
2049-03,-0.6357409262431821,CMCC_CM2_VHR4
2049-04,-0.7900695024470359,CMCC_CM2_VHR4
2049-05,-0.3836718415820827,CMCC_CM2_VHR4
2049-06,0.23880030499749993,CMCC_CM2_VHR4
2049-07,1.0391255137476145,CMCC_CM2_VHR4
2049-08,1.4695959657556237,CMCC_CM2_VHR4
2049-09,1.1476118328494849,CMCC_CM2_VHR4
2049-10,0.9006699343798208,CMCC_CM2_VHR4
2049-11,-0.1057853065831565,CMCC_CM2_VHR4
2049-12,-0.3635366064368519,CMCC_CM2_VHR4
2050-01,-0.4399052406318985,CMCC_CM2_VHR4
2050-02,-0.6301592864483646,CMCC_CM2_VHR4
2050-03,-0.6036321553450829,CMCC_CM2_VHR4
2050-04,-0.4633120328041428,CMCC_CM2_VHR4
2050-05,-0.21465650597731625,CMCC_CM2_VHR4
2050-06,0.13344393053371176,CMCC_CM2_VHR4
2050-07,0.5850144152500723,CMCC_CM2_VHR4
2050-08,1.0503740801367323,CMCC_CM2_VHR4
2050-09,1.0302193222161278,CMCC_CM2_VHR4
2050-10,0.46093401392994393,CMCC_CM2_VHR4
2050-11,-0.024277323853862193,CMCC_CM2_VHR4
2050-12,-0.7900695024470359,CMCC_CM2_VHR4
2025-01,0.2022214693301578,FGOALS_f3_H
2025-02,0.2022214693301578,FGOALS_f3_H
2025-03,0.2022214693301578,FGOALS_f3_H
2025-04,0.2022214693301578,FGOALS_f3_H
2025-05,0.44668585937274813,FGOALS_f3_H
2025-06,0.673324456908704,FGOALS_f3_H
2025-07,0.6359578737362025,FGOALS_f3_H
2025-08,1.1279547530615552,FGOALS_f3_H
2025-09,1.5617011730904105,FGOALS_f3_H
2025-10,0.3927030962939913,FGOALS_f3_H
2025-11,0.2022214693301578,FGOALS_f3_H
2025-12,0.2022214693301578,FGOALS_f3_H
2026-01,0.2022214693301578,FGOALS_f3_H
2026-02,0.28325405794476655,FGOALS_f3_H
2026-03,0.4736686383376766,FGOALS_f3_H
2026-04,0.2022214693301578,FGOALS_f3_H
2026-05,0.2022214693301578,FGOALS_f3_H
2026-06,0.2022214693301578,FGOALS_f3_H
2026-07,0.34017049210678424,FGOALS_f3_H
2026-08,1.8525801721072148,FGOALS_f3_H
2026-09,1.007324016442746,FGOALS_f3_H
2026-10,0.7137242332007192,FGOALS_f3_H
2026-11,0.2022214693301578,FGOALS_f3_H
2026-12,0.2022214693301578,FGOALS_f3_H
2027-01,0.2022214693301578,FGOALS_f3_H
2027-02,0.31025614444846134,FGOALS_f3_H
2027-03,0.2022214693301578,FGOALS_f3_H
2027-04,0.2022214693301578,FGOALS_f3_H
2027-05,0.24768746745796086,FGOALS_f3_H
2027-06,0.2022214693301578,FGOALS_f3_H
2027-07,0.47655736921918773,FGOALS_f3_H
2027-08,1.2626903171795658,FGOALS_f3_H
2027-09,1.5001554056302662,FGOALS_f3_H
2027-10,0.7536116729373297,FGOALS_f3_H
2027-11,0.2022214693301578,FGOALS_f3_H
2027-12,0.2022214693301578,FGOALS_f3_H
2028-01,0.2022214693301578,FGOALS_f3_H
2028-02,0.2022214693301578,FGOALS_f3_H
2028-03,0.2022214693301578,FGOALS_f3_H
2028-04,0.2022214693301578,FGOALS_f3_H
2028-05,0.2022214693301578,FGOALS_f3_H
2028-06,0.2022214693301578,FGOALS_f3_H
2028-07,0.6771155103321748,FGOALS_f3_H
2028-08,1.7120123637345241,FGOALS_f3_H
2028-09,1.066055445334399,FGOALS_f3_H
2028-10,0.6351603988951839,FGOALS_f3_H
2028-11,0.2022214693301578,FGOALS_f3_H
2028-12,0.2022214693301578,FGOALS_f3_H
2029-01,0.2022214693301578,FGOALS_f3_H
2029-02,0.2022214693301578,FGOALS_f3_H
2029-03,0.2022214693301578,FGOALS_f3_H
2029-04,0.2022214693301578,FGOALS_f3_H
2029-05,0.2022214693301578,FGOALS_f3_H
2029-06,0.7540310449820737,FGOALS_f3_H
2029-07,1.7072608711323844,FGOALS_f3_H
2029-08,1.7285116051098575,FGOALS_f3_H
2029-09,0.4252593750762181,FGOALS_f3_H
2029-10,0.2022214693301578,FGOALS_f3_H
2029-11,0.2022214693301578,FGOALS_f3_H
2029-12,0.2022214693301578,FGOALS_f3_H
2030-01,0.2022214693301578,FGOALS_f3_H
2030-02,0.2022214693301578,FGOALS_f3_H
2030-03,0.2022214693301578,FGOALS_f3_H
2030-04,0.2022214693301578,FGOALS_f3_H
2030-05,0.2022214693301578,FGOALS_f3_H
2030-06,0.2022214693301578,FGOALS_f3_H
2030-07,0.9234705207511482,FGOALS_f3_H
2030-08,0.8464703105608345,FGOALS_f3_H
2030-09,0.37252966662121684,FGOALS_f3_H
2030-10,0.39577481339669385,FGOALS_f3_H
2030-11,0.2022214693301578,FGOALS_f3_H
2030-12,0.2022214693301578,FGOALS_f3_H
2031-01,0.2022214693301578,FGOALS_f3_H
2031-02,0.2022214693301578,FGOALS_f3_H
2031-03,0.2022214693301578,FGOALS_f3_H
2031-04,0.2022214693301578,FGOALS_f3_H
2031-05,0.2022214693301578,FGOALS_f3_H
2031-06,0.8535727148431679,FGOALS_f3_H
2031-07,1.2715305923973677,FGOALS_f3_H
2031-08,1.020784391247205,FGOALS_f3_H
2031-09,1.7123151325906913,FGOALS_f3_H
2031-10,1.164209611364024,FGOALS_f3_H
2031-11,0.2022214693301578,FGOALS_f3_H
2031-12,0.2022214693301578,FGOALS_f3_H
2032-01,0.2022214693301578,FGOALS_f3_H
2032-02,0.45390896504703737,FGOALS_f3_H
2032-03,0.2022214693301578,FGOALS_f3_H
2032-04,0.2022214693301578,FGOALS_f3_H
2032-05,0.2022214693301578,FGOALS_f3_H
2032-06,0.6846643120561064,FGOALS_f3_H
2032-07,0.9213565325110743,FGOALS_f3_H
2032-08,1.0664199174278568,FGOALS_f3_H
2032-09,0.6280087991365736,FGOALS_f3_H
2032-10,1.610139847538057,FGOALS_f3_H
2032-11,0.2022214693301578,FGOALS_f3_H
2032-12,0.2022214693301578,FGOALS_f3_H
2033-01,0.2022214693301578,FGOALS_f3_H
2033-02,0.2022214693301578,FGOALS_f3_H
2033-03,0.2022214693301578,FGOALS_f3_H
2033-04,0.2022214693301578,FGOALS_f3_H
2033-05,0.2022214693301578,FGOALS_f3_H
2033-06,0.32692699736462133,FGOALS_f3_H
2033-07,0.6052717352518848,FGOALS_f3_H
2033-08,1.953819929927044,FGOALS_f3_H
2033-09,2.5706601435231193,FGOALS_f3_H
2033-10,0.311641899137793,FGOALS_f3_H
2033-11,0.2022214693301578,FGOALS_f3_H
2033-12,0.2022214693301578,FGOALS_f3_H
2034-01,0.2022214693301578,FGOALS_f3_H
2034-02,0.2022214693301578,FGOALS_f3_H
2034-03,0.2022214693301578,FGOALS_f3_H
2034-04,0.2022214693301578,FGOALS_f3_H
2034-05,0.2022214693301578,FGOALS_f3_H
2034-06,1.6118459280784825,FGOALS_f3_H
2034-07,0.5690219550561391,FGOALS_f3_H
2034-08,0.6320210634002604,FGOALS_f3_H
2034-09,1.9920465673278283,FGOALS_f3_H
2034-10,0.519522685348483,FGOALS_f3_H
2034-11,0.2022214693301578,FGOALS_f3_H
2034-12,0.2022214693301578,FGOALS_f3_H
2035-01,0.2022214693301578,FGOALS_f3_H
2035-02,0.2022214693301578,FGOALS_f3_H
2035-03,0.2022214693301578,FGOALS_f3_H
2035-04,0.2022214693301578,FGOALS_f3_H
2035-05,0.2022214693301578,FGOALS_f3_H
2035-06,0.4849011764104808,FGOALS_f3_H
2035-07,1.4477553508269903,FGOALS_f3_H
2035-08,0.5717828575124165,FGOALS_f3_H
2035-09,1.8070480130768496,FGOALS_f3_H
2035-10,0.25694198530636186,FGOALS_f3_H
2035-11,0.2022214693301578,FGOALS_f3_H
2035-12,0.2022214693301578,FGOALS_f3_H
2036-01,0.2022214693301578,FGOALS_f3_H
2036-02,0.7242854650411745,FGOALS_f3_H
2036-03,0.2022214693301578,FGOALS_f3_H
2036-04,0.2022214693301578,FGOALS_f3_H
2036-05,0.3826666958280654,FGOALS_f3_H
2036-06,0.7579698692300002,FGOALS_f3_H
2036-07,1.3455977001106323,FGOALS_f3_H
2036-08,1.5394673835263954,FGOALS_f3_H
2036-09,1.706669325460458,FGOALS_f3_H
2036-10,0.3683044471816145,FGOALS_f3_H
2036-11,0.2022214693301578,FGOALS_f3_H
2036-12,0.2022214693301578,FGOALS_f3_H
2037-01,0.2022214693301578,FGOALS_f3_H
2037-02,0.2022214693301578,FGOALS_f3_H
2037-03,0.2022214693301578,FGOALS_f3_H
2037-04,0.2022214693301578,FGOALS_f3_H
2037-05,0.2022214693301578,FGOALS_f3_H
2037-06,0.2022214693301578,FGOALS_f3_H
2037-07,0.6528093522825533,FGOALS_f3_H
2037-08,0.30778955203584724,FGOALS_f3_H
2037-09,0.641752579060419,FGOALS_f3_H
2037-10,0.2022214693301578,FGOALS_f3_H
2037-11,0.2022214693301578,FGOALS_f3_H
2037-12,0.2022214693301578,FGOALS_f3_H
2038-01,0.2022214693301578,FGOALS_f3_H
2038-02,0.2022214693301578,FGOALS_f3_H
2038-03,0.2022214693301578,FGOALS_f3_H
2038-04,0.2022214693301578,FGOALS_f3_H
2038-05,0.2022214693301578,FGOALS_f3_H
2038-06,0.2022214693301578,FGOALS_f3_H
2038-07,1.1483525697492634,FGOALS_f3_H
2038-08,1.6032929939682514,FGOALS_f3_H
2038-09,1.4633520705457133,FGOALS_f3_H
2038-10,1.1895411349795808,FGOALS_f3_H
2038-11,0.2022214693301578,FGOALS_f3_H
2038-12,0.2022214693301578,FGOALS_f3_H
2039-01,0.2022214693301578,FGOALS_f3_H
2039-02,0.2022214693301578,FGOALS_f3_H
2039-03,0.2022214693301578,FGOALS_f3_H
2039-04,0.2022214693301578,FGOALS_f3_H
2039-05,0.2022214693301578,FGOALS_f3_H
2039-06,0.2022214693301578,FGOALS_f3_H
2039-07,2.0129817375385617,FGOALS_f3_H
2039-08,1.3940397776206486,FGOALS_f3_H
2039-09,0.4692535910837227,FGOALS_f3_H
2039-10,0.33678158862818924,FGOALS_f3_H
2039-11,0.2022214693301578,FGOALS_f3_H
2039-12,0.2022214693301578,FGOALS_f3_H
2040-01,0.2022214693301578,FGOALS_f3_H
2040-02,0.2022214693301578,FGOALS_f3_H
2040-03,0.2022214693301578,FGOALS_f3_H
2040-04,0.2022214693301578,FGOALS_f3_H
2040-05,0.2022214693301578,FGOALS_f3_H
2040-06,0.35034924394409556,FGOALS_f3_H
2040-07,0.6653839913005984,FGOALS_f3_H
2040-08,0.7746019806024939,FGOALS_f3_H
2040-09,1.6804524160256582,FGOALS_f3_H
2040-10,0.3118157697956792,FGOALS_f3_H
2040-11,0.2022214693301578,FGOALS_f3_H
2040-12,0.2022214693301578,FGOALS_f3_H
2041-01,0.2022214693301578,FGOALS_f3_H
2041-02,0.6065668342306939,FGOALS_f3_H
2041-03,0.2022214693301578,FGOALS_f3_H
2041-04,0.2022214693301578,FGOALS_f3_H
2041-05,0.2022214693301578,FGOALS_f3_H
2041-06,0.46066473024181037,FGOALS_f3_H
2041-07,1.0581596793609407,FGOALS_f3_H
2041-08,1.9888539104356022,FGOALS_f3_H
2041-09,1.1244138049609065,FGOALS_f3_H
2041-10,0.7002053674017803,FGOALS_f3_H
2041-11,0.2022214693301578,FGOALS_f3_H
2041-12,0.2022214693301578,FGOALS_f3_H
2042-01,0.2022214693301578,FGOALS_f3_H
2042-02,0.2022214693301578,FGOALS_f3_H
2042-03,0.2022214693301578,FGOALS_f3_H
2042-04,0.2022214693301578,FGOALS_f3_H
2042-05,0.2022214693301578,FGOALS_f3_H
2042-06,0.9967975336405555,FGOALS_f3_H
2042-07,1.325679804687165,FGOALS_f3_H
2042-08,0.25514336784123876,FGOALS_f3_H
2042-09,1.037176190354161,FGOALS_f3_H
2042-10,0.7356128527218652,FGOALS_f3_H
2042-11,0.2022214693301578,FGOALS_f3_H
2042-12,0.2022214693301578,FGOALS_f3_H
2043-01,0.2022214693301578,FGOALS_f3_H
2043-02,0.2022214693301578,FGOALS_f3_H
2043-03,0.2022214693301578,FGOALS_f3_H
2043-04,0.2022214693301578,FGOALS_f3_H
2043-05,0.2022214693301578,FGOALS_f3_H
2043-06,0.5657642115182153,FGOALS_f3_H
2043-07,0.9462957344646453,FGOALS_f3_H
2043-08,2.4997182007869743,FGOALS_f3_H
2043-09,1.1192432756897297,FGOALS_f3_H
2043-10,0.39953985457173935,FGOALS_f3_H
2043-11,0.3921304373629598,FGOALS_f3_H
2043-12,0.2022214693301578,FGOALS_f3_H
2044-01,0.2022214693301578,FGOALS_f3_H
2044-02,0.2022214693301578,FGOALS_f3_H
2044-03,0.2022214693301578,FGOALS_f3_H
2044-04,0.2022214693301578,FGOALS_f3_H
2044-05,0.2022214693301578,FGOALS_f3_H
2044-06,0.33496466756496107,FGOALS_f3_H
2044-07,1.3541694656697665,FGOALS_f3_H
2044-08,1.0406672925036897,FGOALS_f3_H
2044-09,2.1300590005794113,FGOALS_f3_H
2044-10,0.2022214693301578,FGOALS_f3_H
2044-11,0.2022214693301578,FGOALS_f3_H
2044-12,0.2022214693301578,FGOALS_f3_H
2045-01,0.2022214693301578,FGOALS_f3_H
2045-02,0.2022214693301578,FGOALS_f3_H
2045-03,0.2022214693301578,FGOALS_f3_H
2045-04,0.2022214693301578,FGOALS_f3_H
2045-05,0.40865255086996377,FGOALS_f3_H
2045-06,0.3070709250499557,FGOALS_f3_H
2045-07,1.8348744186259158,FGOALS_f3_H
2045-08,0.9609406648354075,FGOALS_f3_H
2045-09,0.9917656689892221,FGOALS_f3_H
2045-10,0.25814127021134403,FGOALS_f3_H
2045-11,0.2022214693301578,FGOALS_f3_H
2045-12,0.2022214693301578,FGOALS_f3_H
2046-01,0.2022214693301578,FGOALS_f3_H
2046-02,0.2022214693301578,FGOALS_f3_H
2046-03,0.2022214693301578,FGOALS_f3_H
2046-04,0.2022214693301578,FGOALS_f3_H
2046-05,0.2022214693301578,FGOALS_f3_H
2046-06,0.48520419979272783,FGOALS_f3_H
2046-07,0.3484564086251788,FGOALS_f3_H
2046-08,1.2747812121800832,FGOALS_f3_H
2046-09,0.5201281729106523,FGOALS_f3_H
2046-10,0.2975241698969,FGOALS_f3_H
2046-11,0.2022214693301578,FGOALS_f3_H
2046-12,0.2022214693301578,FGOALS_f3_H
2047-01,0.2022214693301578,FGOALS_f3_H
2047-02,0.2022214693301578,FGOALS_f3_H
2047-03,0.2022214693301578,FGOALS_f3_H
2047-04,0.2022214693301578,FGOALS_f3_H
2047-05,0.2022214693301578,FGOALS_f3_H
2047-06,0.8512502503411252,FGOALS_f3_H
2047-07,0.2502360061880777,FGOALS_f3_H
2047-08,1.6869442583493983,FGOALS_f3_H
2047-09,0.5587074280981884,FGOALS_f3_H
2047-10,0.2022214693301578,FGOALS_f3_H
2047-11,0.2022214693301578,FGOALS_f3_H
2047-12,0.2022214693301578,FGOALS_f3_H
2048-01,0.2022214693301578,FGOALS_f3_H
2048-02,0.2022214693301578,FGOALS_f3_H
2048-03,0.2022214693301578,FGOALS_f3_H
2048-04,0.2022214693301578,FGOALS_f3_H
2048-05,0.24620309281617392,FGOALS_f3_H
2048-06,0.2022214693301578,FGOALS_f3_H
2048-07,0.2022214693301578,FGOALS_f3_H
2048-08,1.3926856251020405,FGOALS_f3_H
2048-09,1.7377308153968292,FGOALS_f3_H
2048-10,0.25682957689443964,FGOALS_f3_H
2048-11,0.2022214693301578,FGOALS_f3_H
2048-12,0.2022214693301578,FGOALS_f3_H
2049-01,0.2022214693301578,FGOALS_f3_H
2049-02,0.2022214693301578,FGOALS_f3_H
2049-03,0.2022214693301578,FGOALS_f3_H
2049-04,0.2022214693301578,FGOALS_f3_H
2049-05,0.5926113168079977,FGOALS_f3_H
2049-06,0.28353823151711033,FGOALS_f3_H
2049-07,1.6802888417338417,FGOALS_f3_H
2049-08,2.225897462589535,FGOALS_f3_H
2049-09,0.4119168363264132,FGOALS_f3_H
2049-10,1.634917479998094,FGOALS_f3_H
2049-11,0.2022214693301578,FGOALS_f3_H
2049-12,0.2022214693301578,FGOALS_f3_H
2050-01,0.2022214693301578,FGOALS_f3_H
2050-02,0.24298735925470577,FGOALS_f3_H
2050-03,0.2022214693301578,FGOALS_f3_H
2050-04,0.2022214693301578,FGOALS_f3_H
2050-05,0.2022214693301578,FGOALS_f3_H
2050-06,0.3425932654891731,FGOALS_f3_H
2050-07,1.4026975848258338,FGOALS_f3_H
2050-08,1.071257756214278,FGOALS_f3_H
2050-09,1.3306606942490367,FGOALS_f3_H
2050-10,0.38493941523304925,FGOALS_f3_H
2050-11,0.2022214693301578,FGOALS_f3_H
2050-12,0.2022214693301578,FGOALS_f3_H
2025-01,0.03214179332733828,HiRAM_SIT_HR
2025-02,0.03214179332733828,HiRAM_SIT_HR
2025-03,0.03214179332733828,HiRAM_SIT_HR
2025-04,0.03214179332733828,HiRAM_SIT_HR
2025-05,0.03214179332733828,HiRAM_SIT_HR
2025-06,0.3592860599452365,HiRAM_SIT_HR
2025-07,1.6911503582819645,HiRAM_SIT_HR
2025-08,1.1091230337888531,HiRAM_SIT_HR
2025-09,2.0107398513812273,HiRAM_SIT_HR
2025-10,0.27016332806318993,HiRAM_SIT_HR
2025-11,0.11835455409175218,HiRAM_SIT_HR
2025-12,0.03214179332733828,HiRAM_SIT_HR
2026-01,0.03214179332733828,HiRAM_SIT_HR
2026-02,0.03214179332733828,HiRAM_SIT_HR
2026-03,0.03214179332733828,HiRAM_SIT_HR
2026-04,0.03214179332733828,HiRAM_SIT_HR
2026-05,0.03214179332733828,HiRAM_SIT_HR
2026-06,0.7303157696690661,HiRAM_SIT_HR
2026-07,1.8116123086871565,HiRAM_SIT_HR
2026-08,2.539865411254359,HiRAM_SIT_HR
2026-09,0.570706791059636,HiRAM_SIT_HR
2026-10,0.42882813438905915,HiRAM_SIT_HR
2026-11,0.07023290282791399,HiRAM_SIT_HR
2026-12,0.03214179332733828,HiRAM_SIT_HR
2027-01,0.03214179332733828,HiRAM_SIT_HR
2027-02,0.03214179332733828,HiRAM_SIT_HR
2027-03,0.03214179332733828,HiRAM_SIT_HR
2027-04,0.03214179332733828,HiRAM_SIT_HR
2027-05,0.14036656209495166,HiRAM_SIT_HR
2027-06,0.6622808872105508,HiRAM_SIT_HR
2027-07,1.7534935774104794,HiRAM_SIT_HR
2027-08,0.3951178026410714,HiRAM_SIT_HR
2027-09,1.1056542097944246,HiRAM_SIT_HR
2027-10,0.29852547587929185,HiRAM_SIT_HR
2027-11,0.03214179332733828,HiRAM_SIT_HR
2027-12,0.03214179332733828,HiRAM_SIT_HR
2028-01,0.03214179332733828,HiRAM_SIT_HR
2028-02,0.03214179332733828,HiRAM_SIT_HR
2028-03,0.03214179332733828,HiRAM_SIT_HR
2028-04,0.03214179332733828,HiRAM_SIT_HR
2028-05,0.03214179332733828,HiRAM_SIT_HR
2028-06,0.3901979921532611,HiRAM_SIT_HR
2028-07,0.05670416532417716,HiRAM_SIT_HR
2028-08,1.2908190999611033,HiRAM_SIT_HR
2028-09,0.43209144500403196,HiRAM_SIT_HR
2028-10,0.2760905025862269,HiRAM_SIT_HR
2028-11,0.03214179332733828,HiRAM_SIT_HR
2028-12,0.03214179332733828,HiRAM_SIT_HR
2029-01,0.03214179332733828,HiRAM_SIT_HR
2029-02,0.03214179332733828,HiRAM_SIT_HR
2029-03,0.03214179332733828,HiRAM_SIT_HR
2029-04,0.03214179332733828,HiRAM_SIT_HR
2029-05,0.03214179332733828,HiRAM_SIT_HR
2029-06,0.5291145518265924,HiRAM_SIT_HR
2029-07,0.7969385874472869,HiRAM_SIT_HR
2029-08,1.7601848681140737,HiRAM_SIT_HR
2029-09,0.5318825032858534,HiRAM_SIT_HR
2029-10,0.7990827072937701,HiRAM_SIT_HR
2029-11,0.45682615359093853,HiRAM_SIT_HR
2029-12,0.03214179332733828,HiRAM_SIT_HR
2030-01,0.03214179332733828,HiRAM_SIT_HR
2030-02,0.03214179332733828,HiRAM_SIT_HR
2030-03,0.03214179332733828,HiRAM_SIT_HR
2030-04,0.03214179332733828,HiRAM_SIT_HR
2030-05,0.2477264298713274,HiRAM_SIT_HR
2030-06,0.03214179332733828,HiRAM_SIT_HR
2030-07,0.9318383991932774,HiRAM_SIT_HR
2030-08,1.2069010209495041,HiRAM_SIT_HR
2030-09,0.6218365090174582,HiRAM_SIT_HR
2030-10,0.9684958565186349,HiRAM_SIT_HR
2030-11,0.7992266872694442,HiRAM_SIT_HR
2030-12,0.03214179332733828,HiRAM_SIT_HR
2031-01,0.03214179332733828,HiRAM_SIT_HR
2031-02,0.03214179332733828,HiRAM_SIT_HR
2031-03,0.03214179332733828,HiRAM_SIT_HR
2031-04,0.03214179332733828,HiRAM_SIT_HR
2031-05,0.5310703991873714,HiRAM_SIT_HR
2031-06,0.9940306171934897,HiRAM_SIT_HR
2031-07,1.7872513286476406,HiRAM_SIT_HR
2031-08,1.9893214390335354,HiRAM_SIT_HR
2031-09,2.1221136660744393,HiRAM_SIT_HR
2031-10,0.573238620448273,HiRAM_SIT_HR
2031-11,0.5341241682369151,HiRAM_SIT_HR
2031-12,0.03214179332733828,HiRAM_SIT_HR
2032-01,0.03214179332733828,HiRAM_SIT_HR
2032-02,0.03214179332733828,HiRAM_SIT_HR
2032-03,0.03214179332733828,HiRAM_SIT_HR
2032-04,0.03214179332733828,HiRAM_SIT_HR
2032-05,0.03214179332733828,HiRAM_SIT_HR
2032-06,0.15469410013211607,HiRAM_SIT_HR
2032-07,1.0392334624779942,HiRAM_SIT_HR
2032-08,0.918487776102743,HiRAM_SIT_HR
2032-09,1.4982794656483862,HiRAM_SIT_HR
2032-10,1.0082675427048617,HiRAM_SIT_HR
2032-11,0.2504543340878014,HiRAM_SIT_HR
2032-12,0.03214179332733828,HiRAM_SIT_HR
2033-01,0.03214179332733828,HiRAM_SIT_HR
2033-02,0.03214179332733828,HiRAM_SIT_HR
2033-03,0.03214179332733828,HiRAM_SIT_HR
2033-04,0.03214179332733828,HiRAM_SIT_HR
2033-05,0.03214179332733828,HiRAM_SIT_HR
2033-06,0.0860379628851253,HiRAM_SIT_HR
2033-07,0.389140532933267,HiRAM_SIT_HR
2033-08,0.29332943961507985,HiRAM_SIT_HR
2033-09,0.369468565720054,HiRAM_SIT_HR
2033-10,0.4636613554948298,HiRAM_SIT_HR
2033-11,0.03214179332733828,HiRAM_SIT_HR
2033-12,0.03214179332733828,HiRAM_SIT_HR
2034-01,0.03214179332733828,HiRAM_SIT_HR
2034-02,0.03214179332733828,HiRAM_SIT_HR
2034-03,0.03214179332733828,HiRAM_SIT_HR
2034-04,0.03214179332733828,HiRAM_SIT_HR
2034-05,0.03214179332733828,HiRAM_SIT_HR
2034-06,0.23424849040801068,HiRAM_SIT_HR
2034-07,0.14530482035662085,HiRAM_SIT_HR
2034-08,0.9382488409215656,HiRAM_SIT_HR
2034-09,1.4811282474985052,HiRAM_SIT_HR
2034-10,0.6540277152078176,HiRAM_SIT_HR
2034-11,0.09954888959790799,HiRAM_SIT_HR
2034-12,0.03214179332733828,HiRAM_SIT_HR
2035-01,0.03214179332733828,HiRAM_SIT_HR
2035-02,0.03214179332733828,HiRAM_SIT_HR
2035-03,0.03214179332733828,HiRAM_SIT_HR
2035-04,0.03214179332733828,HiRAM_SIT_HR
2035-05,1.6019547229648141,HiRAM_SIT_HR
2035-06,0.24040624151381823,HiRAM_SIT_HR
2035-07,1.990349588086496,HiRAM_SIT_HR
2035-08,1.6406502658436644,HiRAM_SIT_HR
2035-09,2.413205670808851,HiRAM_SIT_HR
2035-10,0.9479678008386567,HiRAM_SIT_HR
2035-11,0.03214179332733828,HiRAM_SIT_HR
2035-12,0.03214179332733828,HiRAM_SIT_HR
2036-01,0.03214179332733828,HiRAM_SIT_HR
2036-02,0.03214179332733828,HiRAM_SIT_HR
2036-03,0.03214179332733828,HiRAM_SIT_HR
2036-04,0.03214179332733828,HiRAM_SIT_HR
2036-05,0.03214179332733828,HiRAM_SIT_HR
2036-06,0.7111291929108238,HiRAM_SIT_HR
2036-07,1.5587945772325138,HiRAM_SIT_HR
2036-08,1.446190331048325,HiRAM_SIT_HR
2036-09,0.7206255792297468,HiRAM_SIT_HR
2036-10,0.5431072050464021,HiRAM_SIT_HR
2036-11,0.04294736337136092,HiRAM_SIT_HR
2036-12,0.03214179332733828,HiRAM_SIT_HR
2037-01,0.03214179332733828,HiRAM_SIT_HR
2037-02,0.03214179332733828,HiRAM_SIT_HR
2037-03,0.03214179332733828,HiRAM_SIT_HR
2037-04,0.03214179332733828,HiRAM_SIT_HR
2037-05,0.11100730226182079,HiRAM_SIT_HR
2037-06,0.5235477344930486,HiRAM_SIT_HR
2037-07,0.6809091949275687,HiRAM_SIT_HR
2037-08,1.818587053064117,HiRAM_SIT_HR
2037-09,0.8812839338505069,HiRAM_SIT_HR
2037-10,0.45335862044798353,HiRAM_SIT_HR
2037-11,0.22339687745074424,HiRAM_SIT_HR
2037-12,0.03214179332733828,HiRAM_SIT_HR
2038-01,0.03214179332733828,HiRAM_SIT_HR
2038-02,0.03214179332733828,HiRAM_SIT_HR
2038-03,0.03214179332733828,HiRAM_SIT_HR
2038-04,0.03214179332733828,HiRAM_SIT_HR
2038-05,0.03214179332733828,HiRAM_SIT_HR
2038-06,0.03214179332733828,HiRAM_SIT_HR
2038-07,0.7962990808750585,HiRAM_SIT_HR
2038-08,0.8530271615600072,HiRAM_SIT_HR
2038-09,1.258095515436093,HiRAM_SIT_HR
2038-10,0.7688867500581954,HiRAM_SIT_HR
2038-11,0.43518172613605255,HiRAM_SIT_HR
2038-12,0.03214179332733828,HiRAM_SIT_HR
2039-01,0.03214179332733828,HiRAM_SIT_HR
2039-02,0.03214179332733828,HiRAM_SIT_HR
2039-03,0.03214179332733828,HiRAM_SIT_HR
2039-04,0.03214179332733828,HiRAM_SIT_HR
2039-05,0.07865430084027197,HiRAM_SIT_HR
2039-06,0.0690603148802428,HiRAM_SIT_HR
2039-07,0.47405703722856646,HiRAM_SIT_HR
2039-08,0.565525357915307,HiRAM_SIT_HR
2039-09,1.2969722974691376,HiRAM_SIT_HR
2039-10,0.6810403935163339,HiRAM_SIT_HR
2039-11,0.03214179332733828,HiRAM_SIT_HR
2039-12,0.03214179332733828,HiRAM_SIT_HR
2040-01,0.03214179332733828,HiRAM_SIT_HR
2040-02,0.03214179332733828,HiRAM_SIT_HR
2040-03,0.03214179332733828,HiRAM_SIT_HR
2040-04,0.03214179332733828,HiRAM_SIT_HR
2040-05,0.03214179332733828,HiRAM_SIT_HR
2040-06,0.25771626223503563,HiRAM_SIT_HR
2040-07,0.2009949319358425,HiRAM_SIT_HR
2040-08,1.291992378454228,HiRAM_SIT_HR
2040-09,1.531805265670596,HiRAM_SIT_HR
2040-10,1.5261961468707979,HiRAM_SIT_HR
2040-11,0.40378635151037245,HiRAM_SIT_HR
2040-12,0.03214179332733828,HiRAM_SIT_HR
2041-01,0.03214179332733828,HiRAM_SIT_HR
2041-02,0.03214179332733828,HiRAM_SIT_HR
2041-03,0.03214179332733828,HiRAM_SIT_HR
2041-04,0.03214179332733828,HiRAM_SIT_HR
2041-05,0.03214179332733828,HiRAM_SIT_HR
2041-06,0.16624453006291814,HiRAM_SIT_HR
2041-07,1.3859686399169893,HiRAM_SIT_HR
2041-08,1.9681431171745478,HiRAM_SIT_HR
2041-09,2.2508582375368595,HiRAM_SIT_HR
2041-10,0.4864984616974905,HiRAM_SIT_HR
2041-11,0.10670805202417716,HiRAM_SIT_HR
2041-12,0.03214179332733828,HiRAM_SIT_HR
2042-01,0.03214179332733828,HiRAM_SIT_HR
2042-02,0.03214179332733828,HiRAM_SIT_HR
2042-03,0.03214179332733828,HiRAM_SIT_HR
2042-04,0.03214179332733828,HiRAM_SIT_HR
2042-05,0.03214179332733828,HiRAM_SIT_HR
2042-06,0.20363144058289273,HiRAM_SIT_HR
2042-07,0.7431025159482908,HiRAM_SIT_HR
2042-08,1.5468669711163479,HiRAM_SIT_HR
2042-09,0.8023500429496766,HiRAM_SIT_HR
2042-10,1.0493661878314342,HiRAM_SIT_HR
2042-11,0.10449966857737175,HiRAM_SIT_HR
2042-12,0.03214179332733828,HiRAM_SIT_HR
2043-01,0.03214179332733828,HiRAM_SIT_HR
2043-02,0.03214179332733828,HiRAM_SIT_HR
2043-03,0.03214179332733828,HiRAM_SIT_HR
2043-04,0.03214179332733828,HiRAM_SIT_HR
2043-05,0.03214179332733828,HiRAM_SIT_HR
2043-06,0.2141348700088588,HiRAM_SIT_HR
2043-07,0.36844145324591876,HiRAM_SIT_HR
2043-08,1.873364757246303,HiRAM_SIT_HR
2043-09,1.1812253202937777,HiRAM_SIT_HR
2043-10,0.7173362321360424,HiRAM_SIT_HR
2043-11,0.15042168785700608,HiRAM_SIT_HR
2043-12,0.03214179332733828,HiRAM_SIT_HR
2044-01,0.03214179332733828,HiRAM_SIT_HR
2044-02,0.03214179332733828,HiRAM_SIT_HR
2044-03,0.03214179332733828,HiRAM_SIT_HR
2044-04,0.03214179332733828,HiRAM_SIT_HR
2044-05,0.21524120242375866,HiRAM_SIT_HR
2044-06,0.23809085869046376,HiRAM_SIT_HR
2044-07,1.3745487592599845,HiRAM_SIT_HR
2044-08,1.0334414143639918,HiRAM_SIT_HR
2044-09,1.637651606820489,HiRAM_SIT_HR
2044-10,0.26311200517427075,HiRAM_SIT_HR
2044-11,0.03214179332733828,HiRAM_SIT_HR
2044-12,0.03214179332733828,HiRAM_SIT_HR
2045-01,0.03214179332733828,HiRAM_SIT_HR
2045-02,0.03214179332733828,HiRAM_SIT_HR
2045-03,0.03214179332733828,HiRAM_SIT_HR
2045-04,0.03214179332733828,HiRAM_SIT_HR
2045-05,0.03214179332733828,HiRAM_SIT_HR
2045-06,0.03214179332733828,HiRAM_SIT_HR
2045-07,0.48287059796870374,HiRAM_SIT_HR
2045-08,0.4410378564831666,HiRAM_SIT_HR
2045-09,0.44908260476206735,HiRAM_SIT_HR
2045-10,0.29658221081859937,HiRAM_SIT_HR
2045-11,0.3176274318777799,HiRAM_SIT_HR
2045-12,0.03214179332733828,HiRAM_SIT_HR
2046-01,0.03214179332733828,HiRAM_SIT_HR
2046-02,0.03214179332733828,HiRAM_SIT_HR
2046-03,0.03214179332733828,HiRAM_SIT_HR
2046-04,0.03214179332733828,HiRAM_SIT_HR
2046-05,0.4077099856856973,HiRAM_SIT_HR
2046-06,0.21312998234576944,HiRAM_SIT_HR
2046-07,1.0347511951522521,HiRAM_SIT_HR
2046-08,1.584867036110999,HiRAM_SIT_HR
2046-09,1.2488170788036197,HiRAM_SIT_HR
2046-10,0.7416478203958919,HiRAM_SIT_HR
2046-11,0.03214179332733828,HiRAM_SIT_HR
2046-12,0.03214179332733828,HiRAM_SIT_HR
2047-01,0.03214179332733828,HiRAM_SIT_HR
2047-02,0.03214179332733828,HiRAM_SIT_HR
2047-03,0.03214179332733828,HiRAM_SIT_HR
2047-04,0.03214179332733828,HiRAM_SIT_HR
2047-05,0.03214179332733828,HiRAM_SIT_HR
2047-06,0.4010608314342594,HiRAM_SIT_HR
2047-07,1.828731090144495,HiRAM_SIT_HR
2047-08,1.6611146693203245,HiRAM_SIT_HR
2047-09,1.7078263859822145,HiRAM_SIT_HR
2047-10,1.2813905020308711,HiRAM_SIT_HR
2047-11,0.03214179332733828,HiRAM_SIT_HR
2047-12,0.03214179332733828,HiRAM_SIT_HR
2048-01,0.03214179332733828,HiRAM_SIT_HR
2048-02,0.03214179332733828,HiRAM_SIT_HR
2048-03,0.03214179332733828,HiRAM_SIT_HR
2048-04,0.03214179332733828,HiRAM_SIT_HR
2048-05,0.03214179332733828,HiRAM_SIT_HR
2048-06,0.5670252312836652,HiRAM_SIT_HR
2048-07,1.2660186621419647,HiRAM_SIT_HR
2048-08,1.3438713113571144,HiRAM_SIT_HR
2048-09,0.7817978404323557,HiRAM_SIT_HR
2048-10,0.908090008184675,HiRAM_SIT_HR
2048-11,0.16120258514235064,HiRAM_SIT_HR
2048-12,0.03214179332733828,HiRAM_SIT_HR
2049-01,0.03214179332733828,HiRAM_SIT_HR
2049-02,0.03214179332733828,HiRAM_SIT_HR
2049-03,0.03214179332733828,HiRAM_SIT_HR
2049-04,0.03214179332733828,HiRAM_SIT_HR
2049-05,0.03214179332733828,HiRAM_SIT_HR
2049-06,0.30929446182251547,HiRAM_SIT_HR
2049-07,1.3859236428870754,HiRAM_SIT_HR
2049-08,1.3279285213304926,HiRAM_SIT_HR
2049-09,0.5644630206446628,HiRAM_SIT_HR
2049-10,0.349096551388683,HiRAM_SIT_HR
2049-11,0.05416349770218188,HiRAM_SIT_HR
2049-12,0.03214179332733828,HiRAM_SIT_HR
2050-01,0.03214179332733828,HiRAM_SIT_HR
2050-02,0.03214179332733828,HiRAM_SIT_HR
2050-03,0.03214179332733828,HiRAM_SIT_HR
2050-04,0.03214179332733828,HiRAM_SIT_HR
2050-05,0.03214179332733828,HiRAM_SIT_HR
2050-06,0.21213698335482253,HiRAM_SIT_HR
2050-07,1.23048877871912,HiRAM_SIT_HR
2050-08,0.9458304791882509,HiRAM_SIT_HR
2050-09,0.7521248518490995,HiRAM_SIT_HR
2050-10,0.259580640663182,HiRAM_SIT_HR
2050-11,0.03214179332733828,HiRAM_SIT_HR
2050-12,0.03214179332733828,HiRAM_SIT_HR
2025-01,-0.6889170853001146,MRI_AGCM3_2_S
2025-02,-0.37225495071830295,MRI_AGCM3_2_S
2025-03,-0.4516889434642732,MRI_AGCM3_2_S
2025-04,-0.507931595303756,MRI_AGCM3_2_S
2025-05,-0.17218197025380538,MRI_AGCM3_2_S
2025-06,0.29026246772968806,MRI_AGCM3_2_S
2025-07,1.4005666568842825,MRI_AGCM3_2_S
2025-08,0.807408790382164,MRI_AGCM3_2_S
2025-09,1.3028946163169834,MRI_AGCM3_2_S
2025-10,0.46762907188737846,MRI_AGCM3_2_S
2025-11,-0.3673700403186648,MRI_AGCM3_2_S
2025-12,-0.45159564223107257,MRI_AGCM3_2_S
2026-01,-0.4306470606263183,MRI_AGCM3_2_S
2026-02,-0.5383860128306558,MRI_AGCM3_2_S
2026-03,-0.37609185496161995,MRI_AGCM3_2_S
2026-04,-0.6260071719657411,MRI_AGCM3_2_S
2026-05,-0.05147517957573534,MRI_AGCM3_2_S
2026-06,0.5333097786799138,MRI_AGCM3_2_S
2026-07,0.9319283789345778,MRI_AGCM3_2_S
2026-08,1.7863198746418139,MRI_AGCM3_2_S
2026-09,1.1637522368554922,MRI_AGCM3_2_S
2026-10,0.6835604408345693,MRI_AGCM3_2_S
2026-11,-0.8694237732888861,MRI_AGCM3_2_S
2026-12,-0.35611155864325905,MRI_AGCM3_2_S
2027-01,-0.648298882022685,MRI_AGCM3_2_S
2027-02,-0.8694237732888861,MRI_AGCM3_2_S
2027-03,-0.8694237732888861,MRI_AGCM3_2_S
2027-04,-0.5962421349215812,MRI_AGCM3_2_S
2027-05,-0.18168387489574986,MRI_AGCM3_2_S
2027-06,0.2302969016315071,MRI_AGCM3_2_S
2027-07,0.9806947419273141,MRI_AGCM3_2_S
2027-08,1.097535733435516,MRI_AGCM3_2_S
2027-09,1.5402386222945557,MRI_AGCM3_2_S
2027-10,0.32778455502828563,MRI_AGCM3_2_S
2027-11,-0.616810700537993,MRI_AGCM3_2_S
2027-12,-0.043074185486189756,MRI_AGCM3_2_S
2028-01,-0.349990456507951,MRI_AGCM3_2_S
2028-02,-0.8694237732888861,MRI_AGCM3_2_S
2028-03,-0.2508592697031967,MRI_AGCM3_2_S
2028-04,-0.6018920273804733,MRI_AGCM3_2_S
2028-05,-0.15263644562202444,MRI_AGCM3_2_S
2028-06,0.4107152675570299,MRI_AGCM3_2_S
2028-07,0.7998177929240486,MRI_AGCM3_2_S
2028-08,1.263842484562876,MRI_AGCM3_2_S
2028-09,1.3017195664996253,MRI_AGCM3_2_S
2028-10,-0.22351970428719817,MRI_AGCM3_2_S
2028-11,-0.8694237732888861,MRI_AGCM3_2_S
2028-12,-0.5602287044359516,MRI_AGCM3_2_S
2029-01,-0.49179442999465023,MRI_AGCM3_2_S
2029-02,0.11450753355297219,MRI_AGCM3_2_S
2029-03,-0.5942097340611435,MRI_AGCM3_2_S
2029-04,-0.37519925294813133,MRI_AGCM3_2_S
2029-05,0.0727936032789848,MRI_AGCM3_2_S
2029-06,0.715557019849317,MRI_AGCM3_2_S
2029-07,0.8156175523091013,MRI_AGCM3_2_S
2029-08,1.5488601572458014,MRI_AGCM3_2_S
2029-09,1.678336920855335,MRI_AGCM3_2_S
2029-10,0.15502494446397333,MRI_AGCM3_2_S
2029-11,0.06513307049506348,MRI_AGCM3_2_S
2029-12,0.2491191400269087,MRI_AGCM3_2_S
2030-01,-0.8694237732888861,MRI_AGCM3_2_S
2030-02,-0.8694237732888861,MRI_AGCM3_2_S
2030-03,-0.8694237732888861,MRI_AGCM3_2_S
2030-04,-0.8694237732888861,MRI_AGCM3_2_S
2030-05,-0.6409054291522953,MRI_AGCM3_2_S
2030-06,0.9284377097786422,MRI_AGCM3_2_S
2030-07,0.7720661456276037,MRI_AGCM3_2_S
2030-08,1.0583146486594075,MRI_AGCM3_2_S
2030-09,1.2963242307424672,MRI_AGCM3_2_S
2030-10,1.343812495116533,MRI_AGCM3_2_S
2030-11,-0.5223075744087524,MRI_AGCM3_2_S
2030-12,-0.8694237732888861,MRI_AGCM3_2_S
2031-01,-0.8694237732888861,MRI_AGCM3_2_S
2031-02,-0.8694237732888861,MRI_AGCM3_2_S
2031-03,-0.8694237732888861,MRI_AGCM3_2_S
2031-04,-0.3704596976697776,MRI_AGCM3_2_S
2031-05,-0.5994116985963294,MRI_AGCM3_2_S
2031-06,0.42439327837559576,MRI_AGCM3_2_S
2031-07,2.040839894268588,MRI_AGCM3_2_S
2031-08,1.5547983328522357,MRI_AGCM3_2_S
2031-09,1.8918023539653,MRI_AGCM3_2_S
2031-10,1.0591439158202556,MRI_AGCM3_2_S
2031-11,-0.21090854031760758,MRI_AGCM3_2_S
2031-12,-0.6432756594048604,MRI_AGCM3_2_S
2032-01,-0.5912155981809948,MRI_AGCM3_2_S
2032-02,-0.5390826026615068,MRI_AGCM3_2_S
2032-03,-0.8694237732888861,MRI_AGCM3_2_S
2032-04,-0.41488030577048896,MRI_AGCM3_2_S
2032-05,-0.5780808287035796,MRI_AGCM3_2_S
2032-06,0.9557292456883896,MRI_AGCM3_2_S
2032-07,1.1972641735034606,MRI_AGCM3_2_S
2032-08,1.5035650372305787,MRI_AGCM3_2_S
2032-09,1.43780626955402,MRI_AGCM3_2_S
2032-10,-0.614021119074808,MRI_AGCM3_2_S
2032-11,-0.29812861551019687,MRI_AGCM3_2_S
2032-12,0.7961026709786845,MRI_AGCM3_2_S
2033-01,-0.8694237732888861,MRI_AGCM3_2_S
2033-02,-0.2030608755088869,MRI_AGCM3_2_S
2033-03,-0.40205333164148294,MRI_AGCM3_2_S
2033-04,-0.6745775204976483,MRI_AGCM3_2_S
2033-05,-0.15854280976496557,MRI_AGCM3_2_S
2033-06,0.07420958615290289,MRI_AGCM3_2_S
2033-07,1.0637076635585112,MRI_AGCM3_2_S
2033-08,1.1715327403605549,MRI_AGCM3_2_S
2033-09,0.7939195926594166,MRI_AGCM3_2_S
2033-10,0.5706769241728571,MRI_AGCM3_2_S
2033-11,-0.8694237732888861,MRI_AGCM3_2_S
2033-12,-0.8694237732888861,MRI_AGCM3_2_S
2034-01,-0.6878075767935187,MRI_AGCM3_2_S
2034-02,-0.8694237732888861,MRI_AGCM3_2_S
2034-03,-0.8694237732888861,MRI_AGCM3_2_S
2034-04,-0.462352804094546,MRI_AGCM3_2_S
2034-05,-0.24505066176067425,MRI_AGCM3_2_S
2034-06,0.31643950069379767,MRI_AGCM3_2_S
2034-07,0.7494254885812055,MRI_AGCM3_2_S
2034-08,1.262748391544042,MRI_AGCM3_2_S
2034-09,1.1436707176744274,MRI_AGCM3_2_S
2034-10,0.2943983413770204,MRI_AGCM3_2_S
2034-11,-0.8694237732888861,MRI_AGCM3_2_S
2034-12,0.010289494954949043,MRI_AGCM3_2_S
2035-01,-0.8694237732888861,MRI_AGCM3_2_S
2035-02,-0.6938765706889144,MRI_AGCM3_2_S
2035-03,-0.6647567667437453,MRI_AGCM3_2_S
2035-04,-0.17713160236390338,MRI_AGCM3_2_S
2035-05,-0.03559691715248805,MRI_AGCM3_2_S
2035-06,0.6966840229004735,MRI_AGCM3_2_S
2035-07,0.9708526636921918,MRI_AGCM3_2_S
2035-08,1.9824914467474026,MRI_AGCM3_2_S
2035-09,1.5245730854627553,MRI_AGCM3_2_S
2035-10,0.678921566652178,MRI_AGCM3_2_S
2035-11,0.3287885623497651,MRI_AGCM3_2_S
2035-12,-0.27966246757192026,MRI_AGCM3_2_S
2036-01,-0.8694237732888861,MRI_AGCM3_2_S
2036-02,-0.8694237732888861,MRI_AGCM3_2_S
2036-03,-0.6470463285227231,MRI_AGCM3_2_S
2036-04,-0.6260878452659211,MRI_AGCM3_2_S
2036-05,-0.48665678953720415,MRI_AGCM3_2_S
2036-06,0.9654120244421714,MRI_AGCM3_2_S
2036-07,1.0758618316148454,MRI_AGCM3_2_S
2036-08,0.9176396165791342,MRI_AGCM3_2_S
2036-09,2.3918641976610626,MRI_AGCM3_2_S
2036-10,0.6716377367025028,MRI_AGCM3_2_S
2036-11,-0.25056759018119046,MRI_AGCM3_2_S
2036-12,-0.5037719501702861,MRI_AGCM3_2_S
2037-01,-0.40736906648423726,MRI_AGCM3_2_S
2037-02,-0.6932146406295429,MRI_AGCM3_2_S
2037-03,-0.8694237732888861,MRI_AGCM3_2_S
2037-04,-0.8694237732888861,MRI_AGCM3_2_S
2037-05,-0.24986217069862018,MRI_AGCM3_2_S
2037-06,0.5761583933373542,MRI_AGCM3_2_S
2037-07,0.7902061550776405,MRI_AGCM3_2_S
2037-08,1.5544488825078544,MRI_AGCM3_2_S
2037-09,1.8576347365538735,MRI_AGCM3_2_S
2037-10,0.7388739847476024,MRI_AGCM3_2_S
2037-11,-0.8694237732888861,MRI_AGCM3_2_S
2037-12,-0.5758731794934963,MRI_AGCM3_2_S
2038-01,-0.8694237732888861,MRI_AGCM3_2_S
2038-02,-0.8694237732888861,MRI_AGCM3_2_S
2038-03,-0.3974577664392928,MRI_AGCM3_2_S
2038-04,-0.4848797600218843,MRI_AGCM3_2_S
2038-05,0.2355027161107243,MRI_AGCM3_2_S
2038-06,0.32208570836209727,MRI_AGCM3_2_S
2038-07,0.7472713409536336,MRI_AGCM3_2_S
2038-08,1.280500247544846,MRI_AGCM3_2_S
2038-09,1.1290183054154581,MRI_AGCM3_2_S
2038-10,0.5272059120108503,MRI_AGCM3_2_S
2038-11,0.23849947430150933,MRI_AGCM3_2_S
2038-12,-0.8694237732888861,MRI_AGCM3_2_S
2039-01,-0.4796540964225993,MRI_AGCM3_2_S
2039-02,-0.5969045399145491,MRI_AGCM3_2_S
2039-03,-0.5464428336648905,MRI_AGCM3_2_S
2039-04,-0.8694237732888861,MRI_AGCM3_2_S
2039-05,0.021397662963681625,MRI_AGCM3_2_S
2039-06,0.758579619584109,MRI_AGCM3_2_S
2039-07,0.9558839025046281,MRI_AGCM3_2_S
2039-08,1.4185696038188695,MRI_AGCM3_2_S
2039-09,1.4312239332505694,MRI_AGCM3_2_S
2039-10,0.33898036661101666,MRI_AGCM3_2_S
2039-11,-0.4503452760254738,MRI_AGCM3_2_S
2039-12,-0.17822726414563797,MRI_AGCM3_2_S
2040-01,-0.2780699208100987,MRI_AGCM3_2_S
2040-02,-0.16813012096028493,MRI_AGCM3_2_S
2040-03,-0.8694237732888861,MRI_AGCM3_2_S
2040-04,-0.35390290065998525,MRI_AGCM3_2_S
2040-05,0.3070976155368725,MRI_AGCM3_2_S
2040-06,0.5616827588672583,MRI_AGCM3_2_S
2040-07,1.1736317473220035,MRI_AGCM3_2_S
2040-08,1.1376891130959566,MRI_AGCM3_2_S
2040-09,1.8924755557707653,MRI_AGCM3_2_S
2040-10,0.7370381194095238,MRI_AGCM3_2_S
2040-11,-0.8694237732888861,MRI_AGCM3_2_S
2040-12,-0.32256312947518967,MRI_AGCM3_2_S
2041-01,-0.592275632645577,MRI_AGCM3_2_S
2041-02,-0.15381974668496107,MRI_AGCM3_2_S
2041-03,-0.8694237732888861,MRI_AGCM3_2_S
2041-04,-0.5197826899286699,MRI_AGCM3_2_S
2041-05,-0.08320874377944937,MRI_AGCM3_2_S
2041-06,0.6183242108056585,MRI_AGCM3_2_S
2041-07,1.979123367967808,MRI_AGCM3_2_S
2041-08,2.126423050485932,MRI_AGCM3_2_S
2041-09,1.0567262075519037,MRI_AGCM3_2_S
2041-10,0.8492527607774736,MRI_AGCM3_2_S
2041-11,-0.6168641367982725,MRI_AGCM3_2_S
2041-12,-0.3941532133381559,MRI_AGCM3_2_S
2042-01,-0.5213015264820795,MRI_AGCM3_2_S
2042-02,-0.5814673556429756,MRI_AGCM3_2_S
2042-03,-0.8694237732888861,MRI_AGCM3_2_S
2042-04,-0.6276469341049309,MRI_AGCM3_2_S
2042-05,-0.3389577931156406,MRI_AGCM3_2_S
2042-06,0.09584415647003737,MRI_AGCM3_2_S
2042-07,1.1386129302221089,MRI_AGCM3_2_S
2042-08,0.8802200297349313,MRI_AGCM3_2_S
2042-09,1.7004880856121753,MRI_AGCM3_2_S
2042-10,0.7754176518039251,MRI_AGCM3_2_S
2042-11,-0.6168373125552429,MRI_AGCM3_2_S
2042-12,-0.8694237732888861,MRI_AGCM3_2_S
2043-01,0.24073703846197303,MRI_AGCM3_2_S
2043-02,-0.6909520448451936,MRI_AGCM3_2_S
2043-03,-0.8694237732888861,MRI_AGCM3_2_S
2043-04,-0.8694237732888861,MRI_AGCM3_2_S
2043-05,-0.1822052402017218,MRI_AGCM3_2_S
2043-06,0.25975751360582083,MRI_AGCM3_2_S
2043-07,0.6989421112807761,MRI_AGCM3_2_S
2043-08,0.9991927866862149,MRI_AGCM3_2_S
2043-09,1.306190814739558,MRI_AGCM3_2_S
2043-10,1.4445447574433208,MRI_AGCM3_2_S
2043-11,-0.8694237732888861,MRI_AGCM3_2_S
2043-12,-0.8694237732888861,MRI_AGCM3_2_S
2044-01,-0.8694237732888861,MRI_AGCM3_2_S
2044-02,-0.5824245557909213,MRI_AGCM3_2_S
2044-03,-0.6403020681926533,MRI_AGCM3_2_S
2044-04,-0.540656958160044,MRI_AGCM3_2_S
2044-05,-0.5834218389851552,MRI_AGCM3_2_S
2044-06,0.1450879699284875,MRI_AGCM3_2_S
2044-07,0.9431481300828033,MRI_AGCM3_2_S
2044-08,1.0166418383395166,MRI_AGCM3_2_S
2044-09,1.2590194680355749,MRI_AGCM3_2_S
2044-10,0.16322266833230267,MRI_AGCM3_2_S
2044-11,-0.8694237732888861,MRI_AGCM3_2_S
2044-12,-0.46521685146098757,MRI_AGCM3_2_S
2045-01,-0.5690971596721351,MRI_AGCM3_2_S
2045-02,-0.8694237732888861,MRI_AGCM3_2_S
2045-03,-0.8694237732888861,MRI_AGCM3_2_S
2045-04,-0.6269126645348522,MRI_AGCM3_2_S
2045-05,-0.5804366095730311,MRI_AGCM3_2_S
2045-06,0.7274326620450464,MRI_AGCM3_2_S
2045-07,1.155015201189447,MRI_AGCM3_2_S
2045-08,1.383585716071926,MRI_AGCM3_2_S
2045-09,1.0176317621000015,MRI_AGCM3_2_S
2045-10,0.8260945688880509,MRI_AGCM3_2_S
2045-11,-0.8694237732888861,MRI_AGCM3_2_S
2045-12,0.18281409263119616,MRI_AGCM3_2_S
2046-01,-0.45813993652624496,MRI_AGCM3_2_S
2046-02,-0.5593574826376234,MRI_AGCM3_2_S
2046-03,-0.8694237732888861,MRI_AGCM3_2_S
2046-04,-0.5987164551666454,MRI_AGCM3_2_S
2046-05,-0.8694237732888861,MRI_AGCM3_2_S
2046-06,0.0913833911635722,MRI_AGCM3_2_S
2046-07,0.45795171264765117,MRI_AGCM3_2_S
2046-08,2.0439767507704634,MRI_AGCM3_2_S
2046-09,1.588781933845514,MRI_AGCM3_2_S
2046-10,0.25184314219283044,MRI_AGCM3_2_S
2046-11,0.02628592559500744,MRI_AGCM3_2_S
2046-12,-0.8694237732888861,MRI_AGCM3_2_S
2047-01,-0.8694237732888861,MRI_AGCM3_2_S
2047-02,-0.8694237732888861,MRI_AGCM3_2_S
2047-03,-0.8694237732888861,MRI_AGCM3_2_S
2047-04,-0.5746271348086742,MRI_AGCM3_2_S
2047-05,0.24736870753894935,MRI_AGCM3_2_S
2047-06,0.8383085275556255,MRI_AGCM3_2_S
2047-07,1.7275823397463097,MRI_AGCM3_2_S
2047-08,1.9142832980613371,MRI_AGCM3_2_S
2047-09,1.1787101783381506,MRI_AGCM3_2_S
2047-10,0.8447627162333109,MRI_AGCM3_2_S
2047-11,-0.521379934317054,MRI_AGCM3_2_S
2047-12,-0.8694237732888861,MRI_AGCM3_2_S
2048-01,-0.23814034061666844,MRI_AGCM3_2_S
2048-02,-0.23486847194551905,MRI_AGCM3_2_S
2048-03,-0.3766140185463076,MRI_AGCM3_2_S
2048-04,-0.8694237732888861,MRI_AGCM3_2_S
2048-05,-0.34857487477752475,MRI_AGCM3_2_S
2048-06,0.47278676352191074,MRI_AGCM3_2_S
2048-07,0.5193632684020578,MRI_AGCM3_2_S
2048-08,0.8133466498142633,MRI_AGCM3_2_S
2048-09,1.6298578536931354,MRI_AGCM3_2_S
2048-10,0.5503188510811152,MRI_AGCM3_2_S
2048-11,-0.8694237732888861,MRI_AGCM3_2_S
2048-12,-0.8694237732888861,MRI_AGCM3_2_S
2049-01,-0.14515760709778383,MRI_AGCM3_2_S
2049-02,-0.8694237732888861,MRI_AGCM3_2_S
2049-03,-0.6142945882685417,MRI_AGCM3_2_S
2049-04,-0.5394058823900513,MRI_AGCM3_2_S
2049-05,-0.01916423082845348,MRI_AGCM3_2_S
2049-06,0.14440969513894733,MRI_AGCM3_2_S
2049-07,0.771651335299648,MRI_AGCM3_2_S
2049-08,1.4176909304590524,MRI_AGCM3_2_S
2049-09,1.2135021612494907,MRI_AGCM3_2_S
2049-10,0.15723320794571127,MRI_AGCM3_2_S
2049-11,-0.39428894725695296,MRI_AGCM3_2_S
2049-12,-0.174518381713231,MRI_AGCM3_2_S
2050-01,-0.8694237732888861,MRI_AGCM3_2_S
2050-02,-0.8694237732888861,MRI_AGCM3_2_S
2050-03,-0.8694237732888861,MRI_AGCM3_2_S
2050-04,-0.8694237732888861,MRI_AGCM3_2_S
2050-05,-0.6296484397634496,MRI_AGCM3_2_S
2050-06,0.05554614723768955,MRI_AGCM3_2_S
2050-07,0.3536833379081669,MRI_AGCM3_2_S
2050-08,1.1593454996880357,MRI_AGCM3_2_S
2050-09,1.563595759167336,MRI_AGCM3_2_S
2050-10,-0.2102801077070558,MRI_AGCM3_2_S
2050-11,-0.33539293716387814,MRI_AGCM3_2_S
2050-12,-0.8694237732888861,MRI_AGCM3_2_S
2025-01,0.03214179332733828,EC_Earth3P_HR
2025-02,0.03214179332733828,EC_Earth3P_HR
2025-03,0.03214179332733828,EC_Earth3P_HR
2025-04,0.03214179332733828,EC_Earth3P_HR
2025-05,0.03214179332733828,EC_Earth3P_HR
2025-06,0.3415309720643093,EC_Earth3P_HR
2025-07,0.6041337207327799,EC_Earth3P_HR
2025-08,2.0419066574825036,EC_Earth3P_HR
2025-09,1.932289726761568,EC_Earth3P_HR
2025-10,0.12016054882628079,EC_Earth3P_HR
2025-11,0.03214179332733828,EC_Earth3P_HR
2025-12,0.03214179332733828,EC_Earth3P_HR
2026-01,0.34063995771713496,EC_Earth3P_HR
2026-02,0.220986050497979,EC_Earth3P_HR
2026-03,0.03214179332733828,EC_Earth3P_HR
2026-04,0.07583993970119828,EC_Earth3P_HR
2026-05,0.08627322557030531,EC_Earth3P_HR
2026-06,0.2251673233204549,EC_Earth3P_HR
2026-07,1.2626680549202227,EC_Earth3P_HR
2026-08,1.6878126752831397,EC_Earth3P_HR
2026-09,1.5110278191498598,EC_Earth3P_HR
2026-10,1.0753524324187875,EC_Earth3P_HR
2026-11,0.11472071950177531,EC_Earth3P_HR
2026-12,0.03214179332733828,EC_Earth3P_HR
2027-01,0.03214179332733828,EC_Earth3P_HR
2027-02,0.03214179332733828,EC_Earth3P_HR
2027-03,0.03214179332733828,EC_Earth3P_HR
2027-04,0.03214179332733828,EC_Earth3P_HR
2027-05,0.03214179332733828,EC_Earth3P_HR
2027-06,0.03214179332733828,EC_Earth3P_HR
2027-07,1.064289299429705,EC_Earth3P_HR
2027-08,1.928817750382621,EC_Earth3P_HR
2027-09,1.4319285438356482,EC_Earth3P_HR
2027-10,0.2143176510635429,EC_Earth3P_HR
2027-11,0.03214179332733828,EC_Earth3P_HR
2027-12,0.03214179332733828,EC_Earth3P_HR
2028-01,0.03214179332733828,EC_Earth3P_HR
2028-02,0.03214179332733828,EC_Earth3P_HR
2028-03,0.03214179332733828,EC_Earth3P_HR
2028-04,0.03214179332733828,EC_Earth3P_HR
2028-05,0.03214179332733828,EC_Earth3P_HR
2028-06,0.19909558388771462,EC_Earth3P_HR
2028-07,0.9322795588037521,EC_Earth3P_HR
2028-08,1.2405111583273842,EC_Earth3P_HR
2028-09,1.090870701002724,EC_Earth3P_HR
2028-10,0.2548298274365709,EC_Earth3P_HR
2028-11,0.03214179332733828,EC_Earth3P_HR
2028-12,0.03214179332733828,EC_Earth3P_HR
2029-01,0.03214179332733828,EC_Earth3P_HR
2029-02,0.03214179332733828,EC_Earth3P_HR
2029-03,0.03214179332733828,EC_Earth3P_HR
2029-04,0.03214179332733828,EC_Earth3P_HR
2029-05,0.03214179332733828,EC_Earth3P_HR
2029-06,0.5669004321227759,EC_Earth3P_HR
2029-07,1.1056300379003514,EC_Earth3P_HR
2029-08,1.5223964877727818,EC_Earth3P_HR
2029-09,1.463036861087913,EC_Earth3P_HR
2029-10,0.18863343913054423,EC_Earth3P_HR
2029-11,0.08303688674062377,EC_Earth3P_HR
2029-12,0.03214179332733828,EC_Earth3P_HR
2030-01,0.03214179332733828,EC_Earth3P_HR
2030-02,0.11309381195557608,EC_Earth3P_HR
2030-03,0.03214179332733828,EC_Earth3P_HR
2030-04,0.03214179332733828,EC_Earth3P_HR
2030-05,0.03214179332733828,EC_Earth3P_HR
2030-06,0.4294341540431297,EC_Earth3P_HR
2030-07,0.7685148296512819,EC_Earth3P_HR
2030-08,1.7734541212659072,EC_Earth3P_HR
2030-09,0.9957010324152363,EC_Earth3P_HR
2030-10,0.733816169040374,EC_Earth3P_HR
2030-11,0.03214179332733828,EC_Earth3P_HR
2030-12,0.03214179332733828,EC_Earth3P_HR
2031-01,0.03214179332733828,EC_Earth3P_HR
2031-02,0.03214179332733828,EC_Earth3P_HR
2031-03,0.03214179332733828,EC_Earth3P_HR
2031-04,0.03214179332733828,EC_Earth3P_HR
2031-05,0.03214179332733828,EC_Earth3P_HR
2031-06,0.5995498307029937,EC_Earth3P_HR
2031-07,1.3085767539594713,EC_Earth3P_HR
2031-08,1.538860704548822,EC_Earth3P_HR
2031-09,1.7430063124622608,EC_Earth3P_HR
2031-10,0.286272418107493,EC_Earth3P_HR
2031-11,0.03214179332733828,EC_Earth3P_HR
2031-12,0.12702669455930835,EC_Earth3P_HR
2032-01,0.03214179332733828,EC_Earth3P_HR
2032-02,0.10197781564793378,EC_Earth3P_HR
2032-03,0.03214179332733828,EC_Earth3P_HR
2032-04,0.03214179332733828,EC_Earth3P_HR
2032-05,0.03214179332733828,EC_Earth3P_HR
2032-06,0.2521793009899227,EC_Earth3P_HR
2032-07,0.9065892761523964,EC_Earth3P_HR
2032-08,1.704895465051879,EC_Earth3P_HR
2032-09,1.4248017082081437,EC_Earth3P_HR
2032-10,0.03214179332733828,EC_Earth3P_HR
2032-11,0.1055376275323112,EC_Earth3P_HR
2032-12,0.03214179332733828,EC_Earth3P_HR
2033-01,0.44567043531899675,EC_Earth3P_HR
2033-02,0.03214179332733828,EC_Earth3P_HR
2033-03,0.03214179332733828,EC_Earth3P_HR
2033-04,0.03214179332733828,EC_Earth3P_HR
2033-05,0.03214179332733828,EC_Earth3P_HR
2033-06,0.28659066069101885,EC_Earth3P_HR
2033-07,0.6665984202967297,EC_Earth3P_HR
2033-08,1.4012048111066884,EC_Earth3P_HR
2033-09,1.3538570271790138,EC_Earth3P_HR
2033-10,0.9526144873488982,EC_Earth3P_HR
2033-11,0.03214179332733828,EC_Earth3P_HR
2033-12,0.0972331914032058,EC_Earth3P_HR
2034-01,0.03214179332733828,EC_Earth3P_HR
2034-02,0.03214179332733828,EC_Earth3P_HR
2034-03,0.03214179332733828,EC_Earth3P_HR
2034-04,0.03214179332733828,EC_Earth3P_HR
2034-05,0.03214179332733828,EC_Earth3P_HR
2034-06,0.03214179332733828,EC_Earth3P_HR
2034-07,0.3778085740647402,EC_Earth3P_HR
2034-08,1.0652324936999211,EC_Earth3P_HR
2034-09,1.0164567264062365,EC_Earth3P_HR
2034-10,0.4521602640966351,EC_Earth3P_HR
2034-11,0.03214179332733828,EC_Earth3P_HR
2034-12,0.03214179332733828,EC_Earth3P_HR
2035-01,0.03214179332733828,EC_Earth3P_HR
2035-02,0.112141869133148,EC_Earth3P_HR
2035-03,0.03214179332733828,EC_Earth3P_HR
2035-04,0.03214179332733828,EC_Earth3P_HR
2035-05,0.03214179332733828,EC_Earth3P_HR
2035-06,0.7841828619010222,EC_Earth3P_HR
2035-07,1.399108183789638,EC_Earth3P_HR
2035-08,1.8202930837535765,EC_Earth3P_HR
2035-09,1.8726374622987196,EC_Earth3P_HR
2035-10,0.553911723922584,EC_Earth3P_HR
2035-11,0.03214179332733828,EC_Earth3P_HR
2035-12,0.13581438169465235,EC_Earth3P_HR
2036-01,0.03214179332733828,EC_Earth3P_HR
2036-02,0.03214179332733828,EC_Earth3P_HR
2036-03,0.08042616376336684,EC_Earth3P_HR
2036-04,0.03214179332733828,EC_Earth3P_HR
2036-05,0.03214179332733828,EC_Earth3P_HR
2036-06,0.5738651117129517,EC_Earth3P_HR
2036-07,1.0977721425710159,EC_Earth3P_HR
2036-08,1.2622615125917205,EC_Earth3P_HR
2036-09,1.523589905502063,EC_Earth3P_HR
2036-10,0.4199055854789368,EC_Earth3P_HR
2036-11,0.03214179332733828,EC_Earth3P_HR
2036-12,0.11647533669639074,EC_Earth3P_HR
2037-01,0.03214179332733828,EC_Earth3P_HR
2037-02,0.03214179332733828,EC_Earth3P_HR
2037-03,0.03214179332733828,EC_Earth3P_HR
2037-04,0.03214179332733828,EC_Earth3P_HR
2037-05,0.08352533158563742,EC_Earth3P_HR
2037-06,0.638370270737319,EC_Earth3P_HR
2037-07,1.2752649240024057,EC_Earth3P_HR
2037-08,1.1471509878539385,EC_Earth3P_HR
2037-09,1.766234051805053,EC_Earth3P_HR
2037-10,0.5565296681766425,EC_Earth3P_HR
2037-11,0.03214179332733828,EC_Earth3P_HR
2037-12,0.03214179332733828,EC_Earth3P_HR
2038-01,0.03214179332733828,EC_Earth3P_HR
2038-02,0.03214179332733828,EC_Earth3P_HR
2038-03,0.03214179332733828,EC_Earth3P_HR
2038-04,0.11034404317298725,EC_Earth3P_HR
2038-05,0.24318400975851076,EC_Earth3P_HR
2038-06,0.09503933605239748,EC_Earth3P_HR
2038-07,0.7845066113746231,EC_Earth3P_HR
2038-08,1.1896417674423871,EC_Earth3P_HR
2038-09,1.3304054500769316,EC_Earth3P_HR
2038-10,0.47781176424474653,EC_Earth3P_HR
2038-11,0.03214179332733828,EC_Earth3P_HR
2038-12,0.1700682283259819,EC_Earth3P_HR
2039-01,0.03214179332733828,EC_Earth3P_HR
2039-02,0.03214179332733828,EC_Earth3P_HR
2039-03,0.03214179332733828,EC_Earth3P_HR
2039-04,0.03214179332733828,EC_Earth3P_HR
2039-05,0.03214179332733828,EC_Earth3P_HR
2039-06,0.6693505579514307,EC_Earth3P_HR
2039-07,1.2369459586513016,EC_Earth3P_HR
2039-08,1.0572010285662483,EC_Earth3P_HR
2039-09,1.5002065575634314,EC_Earth3P_HR
2039-10,0.5791594241938292,EC_Earth3P_HR
2039-11,0.03214179332733828,EC_Earth3P_HR
2039-12,0.03214179332733828,EC_Earth3P_HR
2040-01,0.15310795167744443,EC_Earth3P_HR
2040-02,0.03214179332733828,EC_Earth3P_HR
2040-03,0.1790596916043522,EC_Earth3P_HR
2040-04,0.03214179332733828,EC_Earth3P_HR
2040-05,0.1319991966886226,EC_Earth3P_HR
2040-06,0.43331223526424983,EC_Earth3P_HR
2040-07,0.8009792800671613,EC_Earth3P_HR
2040-08,2.092775312028979,EC_Earth3P_HR
2040-09,1.0976443135430445,EC_Earth3P_HR
2040-10,0.3417915230583979,EC_Earth3P_HR
2040-11,0.03214179332733828,EC_Earth3P_HR
2040-12,0.03214179332733828,EC_Earth3P_HR
2041-01,0.03214179332733828,EC_Earth3P_HR
2041-02,0.03214179332733828,EC_Earth3P_HR
2041-03,0.03214179332733828,EC_Earth3P_HR
2041-04,0.03214179332733828,EC_Earth3P_HR
2041-05,0.15930297254233322,EC_Earth3P_HR
2041-06,0.7111045560785201,EC_Earth3P_HR
2041-07,0.6454000093330602,EC_Earth3P_HR
2041-08,1.5182214728352523,EC_Earth3P_HR
2041-09,1.5776094821204703,EC_Earth3P_HR
2041-10,0.4814564349608953,EC_Earth3P_HR
2041-11,0.30533454957894546,EC_Earth3P_HR
2041-12,0.03214179332733828,EC_Earth3P_HR
2042-01,1.2643239624714921,EC_Earth3P_HR
2042-02,0.03214179332733828,EC_Earth3P_HR
2042-03,0.03214179332733828,EC_Earth3P_HR
2042-04,0.03214179332733828,EC_Earth3P_HR
2042-05,0.03214179332733828,EC_Earth3P_HR
2042-06,0.24482693240288872,EC_Earth3P_HR
2042-07,1.0312595940905802,EC_Earth3P_HR
2042-08,1.10520826578815,EC_Earth3P_HR
2042-09,1.7311698741161108,EC_Earth3P_HR
2042-10,0.7267403161777953,EC_Earth3P_HR
2042-11,0.03214179332733828,EC_Earth3P_HR
2042-12,0.03214179332733828,EC_Earth3P_HR
2043-01,0.03214179332733828,EC_Earth3P_HR
2043-02,0.03214179332733828,EC_Earth3P_HR
2043-03,0.08837625181824782,EC_Earth3P_HR
2043-04,0.03214179332733828,EC_Earth3P_HR
2043-05,0.03214179332733828,EC_Earth3P_HR
2043-06,0.03214179332733828,EC_Earth3P_HR
2043-07,0.9601498522592972,EC_Earth3P_HR
2043-08,1.516784963093913,EC_Earth3P_HR
2043-09,1.3117140607003328,EC_Earth3P_HR
2043-10,0.10285468836768431,EC_Earth3P_HR
2043-11,0.03214179332733828,EC_Earth3P_HR
2043-12,0.03214179332733828,EC_Earth3P_HR
2044-01,0.03214179332733828,EC_Earth3P_HR
2044-02,0.03214179332733828,EC_Earth3P_HR
2044-03,0.03214179332733828,EC_Earth3P_HR
2044-04,0.03214179332733828,EC_Earth3P_HR
2044-05,0.03214179332733828,EC_Earth3P_HR
2044-06,0.9540920068606134,EC_Earth3P_HR
2044-07,1.2261988227149223,EC_Earth3P_HR
2044-08,1.444601667242931,EC_Earth3P_HR
2044-09,1.6077474207991278,EC_Earth3P_HR
2044-10,0.40473433678834614,EC_Earth3P_HR
2044-11,0.09599886049009877,EC_Earth3P_HR
2044-12,0.03214179332733828,EC_Earth3P_HR
2045-01,0.1615817048233841,EC_Earth3P_HR
2045-02,0.03214179332733828,EC_Earth3P_HR
2045-03,0.03214179332733828,EC_Earth3P_HR
2045-04,0.03214179332733828,EC_Earth3P_HR
2045-05,0.03214179332733828,EC_Earth3P_HR
2045-06,0.22554565106491992,EC_Earth3P_HR
2045-07,1.180946887679018,EC_Earth3P_HR
2045-08,1.5162303556391081,EC_Earth3P_HR
2045-09,0.9267645272933335,EC_Earth3P_HR
2045-10,0.4975444222801735,EC_Earth3P_HR
2045-11,0.03214179332733828,EC_Earth3P_HR
2045-12,0.03214179332733828,EC_Earth3P_HR
2046-01,0.03214179332733828,EC_Earth3P_HR
2046-02,0.03214179332733828,EC_Earth3P_HR
2046-03,0.03214179332733828,EC_Earth3P_HR
2046-04,0.03214179332733828,EC_Earth3P_HR
2046-05,0.2897775707852485,EC_Earth3P_HR
2046-06,0.29616192469327557,EC_Earth3P_HR
2046-07,0.7954614605781128,EC_Earth3P_HR
2046-08,1.7295541428531023,EC_Earth3P_HR
2046-09,1.4690676334323796,EC_Earth3P_HR
2046-10,0.13379256977238196,EC_Earth3P_HR
2046-11,0.03214179332733828,EC_Earth3P_HR
2046-12,0.03214179332733828,EC_Earth3P_HR
2047-01,0.03214179332733828,EC_Earth3P_HR
2047-02,0.03214179332733828,EC_Earth3P_HR
2047-03,0.03214179332733828,EC_Earth3P_HR
2047-04,0.03214179332733828,EC_Earth3P_HR
2047-05,0.03214179332733828,EC_Earth3P_HR
2047-06,0.5730319610714536,EC_Earth3P_HR
2047-07,0.7354569932786653,EC_Earth3P_HR
2047-08,1.566338756071237,EC_Earth3P_HR
2047-09,1.4952722156251688,EC_Earth3P_HR
2047-10,0.6725253501593842,EC_Earth3P_HR
2047-11,0.03214179332733828,EC_Earth3P_HR
2047-12,0.03214179332733828,EC_Earth3P_HR
2048-01,0.03214179332733828,EC_Earth3P_HR
2048-02,0.03214179332733828,EC_Earth3P_HR
2048-03,0.03214179332733828,EC_Earth3P_HR
2048-04,0.2101971467430676,EC_Earth3P_HR
2048-05,0.03214179332733828,EC_Earth3P_HR
2048-06,0.527468119115751,EC_Earth3P_HR
2048-07,1.1827538839961025,EC_Earth3P_HR
2048-08,1.505276934234631,EC_Earth3P_HR
2048-09,1.6514663544895714,EC_Earth3P_HR
2048-10,0.49384675971415276,EC_Earth3P_HR
2048-11,0.03214179332733828,EC_Earth3P_HR
2048-12,0.03214179332733828,EC_Earth3P_HR
2049-01,0.03214179332733828,EC_Earth3P_HR
2049-02,0.03214179332733828,EC_Earth3P_HR
2049-03,0.03214179332733828,EC_Earth3P_HR
2049-04,0.03214179332733828,EC_Earth3P_HR
2049-05,0.03214179332733828,EC_Earth3P_HR
2049-06,0.4573234847623405,EC_Earth3P_HR
2049-07,1.2024352786403454,EC_Earth3P_HR
2049-08,2.0330283444409676,EC_Earth3P_HR
2049-09,1.1971831812593001,EC_Earth3P_HR
2049-10,0.5658306039057922,EC_Earth3P_HR
2049-11,0.03214179332733828,EC_Earth3P_HR
2049-12,0.03214179332733828,EC_Earth3P_HR
2050-01,0.03214179332733828,EC_Earth3P_HR
2050-02,0.03214179332733828,EC_Earth3P_HR
2050-03,0.03214179332733828,EC_Earth3P_HR
2050-04,0.03214179332733828,EC_Earth3P_HR
2050-05,0.03214179332733828,EC_Earth3P_HR
2050-06,0.03214179332733828,EC_Earth3P_HR
2050-07,0.03214179332733828,EC_Earth3P_HR
2050-08,0.03214179332733828,EC_Earth3P_HR
2050-09,0.03214179332733828,EC_Earth3P_HR
2050-10,0.03214179332733828,EC_Earth3P_HR
2050-11,0.03214179332733828,EC_Earth3P_HR
2050-12,0.03214179332733828,EC_Earth3P_HR
2025-01,-0.03214179332733842,MPI_ESM1_2_XR
2025-02,-0.03214179332733842,MPI_ESM1_2_XR
2025-03,-0.03214179332733842,MPI_ESM1_2_XR
2025-04,-0.03214179332733842,MPI_ESM1_2_XR
2025-05,-0.03214179332733842,MPI_ESM1_2_XR
2025-06,0.21706971874978456,MPI_ESM1_2_XR
2025-07,1.4522773331051575,MPI_ESM1_2_XR
2025-08,1.736751990522168,MPI_ESM1_2_XR
2025-09,1.5120649617523332,MPI_ESM1_2_XR
2025-10,0.9069027133748302,MPI_ESM1_2_XR
2025-11,0.04157682067898662,MPI_ESM1_2_XR
2025-12,-0.03214179332733842,MPI_ESM1_2_XR
2026-01,0.10973435955435418,MPI_ESM1_2_XR
2026-02,-0.03214179332733842,MPI_ESM1_2_XR
2026-03,-0.03214179332733842,MPI_ESM1_2_XR
2026-04,-0.03214179332733842,MPI_ESM1_2_XR
2026-05,0.010782488471141681,MPI_ESM1_2_XR
2026-06,-0.03214179332733842,MPI_ESM1_2_XR
2026-07,1.269608265931031,MPI_ESM1_2_XR
2026-08,1.8100401275186309,MPI_ESM1_2_XR
2026-09,1.5043186746136417,MPI_ESM1_2_XR
2026-10,1.0306306496866227,MPI_ESM1_2_XR
2026-11,0.0019494205402681751,MPI_ESM1_2_XR
2026-12,-0.03214179332733842,MPI_ESM1_2_XR
2027-01,-0.03214179332733842,MPI_ESM1_2_XR
2027-02,-0.03214179332733842,MPI_ESM1_2_XR
2027-03,-0.03214179332733842,MPI_ESM1_2_XR
2027-04,-0.03214179332733842,MPI_ESM1_2_XR
2027-05,-0.03214179332733842,MPI_ESM1_2_XR
2027-06,0.2447581043464793,MPI_ESM1_2_XR
2027-07,0.9192235226829172,MPI_ESM1_2_XR
2027-08,1.2994865649188063,MPI_ESM1_2_XR
2027-09,1.4640732715865046,MPI_ESM1_2_XR
2027-10,0.49284526622676184,MPI_ESM1_2_XR
2027-11,-0.03214179332733842,MPI_ESM1_2_XR
2027-12,-0.03214179332733842,MPI_ESM1_2_XR
2028-01,-0.03214179332733842,MPI_ESM1_2_XR
2028-02,-0.03214179332733842,MPI_ESM1_2_XR
2028-03,0.020686355629176163,MPI_ESM1_2_XR
2028-04,-0.03214179332733842,MPI_ESM1_2_XR
2028-05,0.009715090412191492,MPI_ESM1_2_XR
2028-06,0.44270535046458603,MPI_ESM1_2_XR
2028-07,1.0622136526750166,MPI_ESM1_2_XR
2028-08,1.7031509301441965,MPI_ESM1_2_XR
2028-09,1.5354553737354897,MPI_ESM1_2_XR
2028-10,0.7501718338923087,MPI_ESM1_2_XR
2028-11,-0.03214179332733842,MPI_ESM1_2_XR
2028-12,-0.03214179332733842,MPI_ESM1_2_XR
2029-01,-0.03214179332733842,MPI_ESM1_2_XR
2029-02,-0.03214179332733842,MPI_ESM1_2_XR
2029-03,-0.03214179332733842,MPI_ESM1_2_XR
2029-04,-0.03214179332733842,MPI_ESM1_2_XR
2029-05,-0.03214179332733842,MPI_ESM1_2_XR
2029-06,0.47773482167178044,MPI_ESM1_2_XR
2029-07,1.2954590258309908,MPI_ESM1_2_XR
2029-08,1.433275213462771,MPI_ESM1_2_XR
2029-09,1.048640650983209,MPI_ESM1_2_XR
2029-10,0.5113127150695057,MPI_ESM1_2_XR
2029-11,-0.03214179332733842,MPI_ESM1_2_XR
2029-12,-0.03214179332733842,MPI_ESM1_2_XR
2030-01,-0.03214179332733842,MPI_ESM1_2_XR
2030-02,-0.03214179332733842,MPI_ESM1_2_XR
2030-03,0.04196050426244339,MPI_ESM1_2_XR
2030-04,-0.03214179332733842,MPI_ESM1_2_XR
2030-05,-0.03214179332733842,MPI_ESM1_2_XR
2030-06,0.2547421896671671,MPI_ESM1_2_XR
2030-07,0.8126040281628059,MPI_ESM1_2_XR
2030-08,1.2054362362521231,MPI_ESM1_2_XR
2030-09,1.4117932406607028,MPI_ESM1_2_XR
2030-10,0.8539655581287766,MPI_ESM1_2_XR
2030-11,0.025559073505441003,MPI_ESM1_2_XR
2030-12,-0.03214179332733842,MPI_ESM1_2_XR
2031-01,-0.03214179332733842,MPI_ESM1_2_XR
2031-02,-0.03214179332733842,MPI_ESM1_2_XR
2031-03,-0.03214179332733842,MPI_ESM1_2_XR
2031-04,-0.03214179332733842,MPI_ESM1_2_XR
2031-05,0.00938812453567519,MPI_ESM1_2_XR
2031-06,0.3359065001954307,MPI_ESM1_2_XR
2031-07,0.9643144202375158,MPI_ESM1_2_XR
2031-08,1.5066632769885235,MPI_ESM1_2_XR
2031-09,1.4696335762652597,MPI_ESM1_2_XR
2031-10,1.2145478394821412,MPI_ESM1_2_XR
2031-11,-0.03214179332733842,MPI_ESM1_2_XR
2031-12,-0.03214179332733842,MPI_ESM1_2_XR
2032-01,0.023834719740048207,MPI_ESM1_2_XR
2032-02,0.06724067592115847,MPI_ESM1_2_XR
2032-03,0.008235733329683387,MPI_ESM1_2_XR
2032-04,0.03463974982849325,MPI_ESM1_2_XR
2032-05,-0.03214179332733842,MPI_ESM1_2_XR
2032-06,0.5771613146361259,MPI_ESM1_2_XR
2032-07,1.0305455459479584,MPI_ESM1_2_XR
2032-08,1.5565757039721744,MPI_ESM1_2_XR
2032-09,1.4210969177610617,MPI_ESM1_2_XR
2032-10,0.6028042589292684,MPI_ESM1_2_XR
2032-11,-0.03214179332733842,MPI_ESM1_2_XR
2032-12,-0.03214179332733842,MPI_ESM1_2_XR
2033-01,0.12401287798933598,MPI_ESM1_2_XR
2033-02,0.1408152250885644,MPI_ESM1_2_XR
2033-03,0.006532024104971379,MPI_ESM1_2_XR
2033-04,-0.03214179332733842,MPI_ESM1_2_XR
2033-05,0.013685500747238486,MPI_ESM1_2_XR
2033-06,0.8393033830061729,MPI_ESM1_2_XR
2033-07,1.3532773004464371,MPI_ESM1_2_XR
2033-08,1.4896573709436396,MPI_ESM1_2_XR
2033-09,1.4244119312948182,MPI_ESM1_2_XR
2033-10,0.9691111421092993,MPI_ESM1_2_XR
2033-11,-0.03214179332733842,MPI_ESM1_2_XR
2033-12,-0.03214179332733842,MPI_ESM1_2_XR
2034-01,-0.03214179332733842,MPI_ESM1_2_XR
2034-02,-0.03214179332733842,MPI_ESM1_2_XR
2034-03,-0.03214179332733842,MPI_ESM1_2_XR
2034-04,-0.03214179332733842,MPI_ESM1_2_XR
2034-05,-0.03214179332733842,MPI_ESM1_2_XR
2034-06,-0.03214179332733842,MPI_ESM1_2_XR
2034-07,0.5579061270229126,MPI_ESM1_2_XR
2034-08,0.6377053215052603,MPI_ESM1_2_XR
2034-09,0.9983131403514875,MPI_ESM1_2_XR
2034-10,0.3088470033834167,MPI_ESM1_2_XR
2034-11,-0.03214179332733842,MPI_ESM1_2_XR
2034-12,-0.03214179332733842,MPI_ESM1_2_XR
2035-01,-0.03214179332733842,MPI_ESM1_2_XR
2035-02,-0.03214179332733842,MPI_ESM1_2_XR
2035-03,-0.03214179332733842,MPI_ESM1_2_XR
2035-04,-0.03214179332733842,MPI_ESM1_2_XR
2035-05,-0.03214179332733842,MPI_ESM1_2_XR
2035-06,0.2837658187100485,MPI_ESM1_2_XR
2035-07,1.3619222103083002,MPI_ESM1_2_XR
2035-08,1.5592996102003356,MPI_ESM1_2_XR
2035-09,1.4109734319448897,MPI_ESM1_2_XR
2035-10,1.1278421044631646,MPI_ESM1_2_XR
2035-11,-0.03214179332733842,MPI_ESM1_2_XR
2035-12,-0.03214179332733842,MPI_ESM1_2_XR
2036-01,-0.03214179332733842,MPI_ESM1_2_XR
2036-02,-0.03214179332733842,MPI_ESM1_2_XR
2036-03,-0.03214179332733842,MPI_ESM1_2_XR
2036-04,0.03546154248178909,MPI_ESM1_2_XR
2036-05,-0.03214179332733842,MPI_ESM1_2_XR
2036-06,0.37729764038850805,MPI_ESM1_2_XR
2036-07,1.3980855469704636,MPI_ESM1_2_XR
2036-08,1.5723824576471421,MPI_ESM1_2_XR
2036-09,1.4040495235130115,MPI_ESM1_2_XR
2036-10,0.7474763242670328,MPI_ESM1_2_XR
2036-11,-0.03214179332733842,MPI_ESM1_2_XR
2036-12,-0.03214179332733842,MPI_ESM1_2_XR
2037-01,-0.03214179332733842,MPI_ESM1_2_XR
2037-02,0.1736293584162309,MPI_ESM1_2_XR
2037-03,-0.03214179332733842,MPI_ESM1_2_XR
2037-04,0.03521253802600186,MPI_ESM1_2_XR
2037-05,-0.03214179332733842,MPI_ESM1_2_XR
2037-06,0.5688006812507377,MPI_ESM1_2_XR
2037-07,1.0358421507157987,MPI_ESM1_2_XR
2037-08,1.602125531773341,MPI_ESM1_2_XR
2037-09,1.2685843419420284,MPI_ESM1_2_XR
2037-10,0.6581151881828401,MPI_ESM1_2_XR
2037-11,-0.03214179332733842,MPI_ESM1_2_XR
2037-12,-0.03214179332733842,MPI_ESM1_2_XR
2038-01,-0.03214179332733842,MPI_ESM1_2_XR
2038-02,-0.03214179332733842,MPI_ESM1_2_XR
2038-03,-0.03214179332733842,MPI_ESM1_2_XR
2038-04,-0.03214179332733842,MPI_ESM1_2_XR
2038-05,-0.03214179332733842,MPI_ESM1_2_XR
2038-06,-0.03214179332733842,MPI_ESM1_2_XR
2038-07,0.6872985598583498,MPI_ESM1_2_XR
2038-08,1.135290813447652,MPI_ESM1_2_XR
2038-09,1.5166797643718735,MPI_ESM1_2_XR
2038-10,0.5908468937569917,MPI_ESM1_2_XR
2038-11,-0.03214179332733842,MPI_ESM1_2_XR
2038-12,-0.03214179332733842,MPI_ESM1_2_XR
2039-01,-0.03214179332733842,MPI_ESM1_2_XR
2039-02,-0.03214179332733842,MPI_ESM1_2_XR
2039-03,-0.03214179332733842,MPI_ESM1_2_XR
2039-04,0.03447723951036394,MPI_ESM1_2_XR
2039-05,-0.03214179332733842,MPI_ESM1_2_XR
2039-06,0.1581937709674016,MPI_ESM1_2_XR
2039-07,1.297789685855184,MPI_ESM1_2_XR
2039-08,1.5718530351822113,MPI_ESM1_2_XR
2039-09,1.4892449581927971,MPI_ESM1_2_XR
2039-10,1.0876596638996137,MPI_ESM1_2_XR
2039-11,0.29629738210017986,MPI_ESM1_2_XR
2039-12,-0.03214179332733842,MPI_ESM1_2_XR
2040-01,-0.03214179332733842,MPI_ESM1_2_XR
2040-02,-0.03214179332733842,MPI_ESM1_2_XR
2040-03,-0.03214179332733842,MPI_ESM1_2_XR
2040-04,0.02941756759480346,MPI_ESM1_2_XR
2040-05,0.06525020716815297,MPI_ESM1_2_XR
2040-06,0.13424569796993652,MPI_ESM1_2_XR
2040-07,1.2933894290695194,MPI_ESM1_2_XR
2040-08,1.4824832930814784,MPI_ESM1_2_XR
2040-09,1.2899510090382715,MPI_ESM1_2_XR
2040-10,0.9365271253596562,MPI_ESM1_2_XR
2040-11,-0.03214179332733842,MPI_ESM1_2_XR
2040-12,-0.03214179332733842,MPI_ESM1_2_XR
2041-01,0.06669391822055051,MPI_ESM1_2_XR
2041-02,0.3149135636084677,MPI_ESM1_2_XR
2041-03,-0.03214179332733842,MPI_ESM1_2_XR
2041-04,-0.03214179332733842,MPI_ESM1_2_XR
2041-05,0.03122749402740434,MPI_ESM1_2_XR
2041-06,0.617088007555898,MPI_ESM1_2_XR
2041-07,1.0345466966963637,MPI_ESM1_2_XR
2041-08,1.577787348871725,MPI_ESM1_2_XR
2041-09,1.4839822687044946,MPI_ESM1_2_XR
2041-10,0.4622889182008725,MPI_ESM1_2_XR
2041-11,-0.03214179332733842,MPI_ESM1_2_XR
2041-12,-0.03214179332733842,MPI_ESM1_2_XR
2042-01,-0.03214179332733842,MPI_ESM1_2_XR
2042-02,-0.03214179332733842,MPI_ESM1_2_XR
2042-03,-0.03214179332733842,MPI_ESM1_2_XR
2042-04,-0.03214179332733842,MPI_ESM1_2_XR
2042-05,-0.03214179332733842,MPI_ESM1_2_XR
2042-06,0.7800234780886234,MPI_ESM1_2_XR
2042-07,1.2211901681846082,MPI_ESM1_2_XR
2042-08,1.013806028778854,MPI_ESM1_2_XR
2042-09,1.465504521585966,MPI_ESM1_2_XR
2042-10,0.7585687341933046,MPI_ESM1_2_XR
2042-11,0.3631509705370735,MPI_ESM1_2_XR
2042-12,-0.03214179332733842,MPI_ESM1_2_XR
2043-01,-0.03214179332733842,MPI_ESM1_2_XR
2043-02,-0.03214179332733842,MPI_ESM1_2_XR
2043-03,-0.03214179332733842,MPI_ESM1_2_XR
2043-04,-0.03214179332733842,MPI_ESM1_2_XR
2043-05,-0.03214179332733842,MPI_ESM1_2_XR
2043-06,-0.03214179332733842,MPI_ESM1_2_XR
2043-07,1.0278875316538145,MPI_ESM1_2_XR
2043-08,1.3054815197143015,MPI_ESM1_2_XR
2043-09,1.2779730068328619,MPI_ESM1_2_XR
2043-10,0.12152938866883917,MPI_ESM1_2_XR
2043-11,-0.03214179332733842,MPI_ESM1_2_XR
2043-12,-0.03214179332733842,MPI_ESM1_2_XR
2044-01,-0.03214179332733842,MPI_ESM1_2_XR
2044-02,-0.03214179332733842,MPI_ESM1_2_XR
2044-03,-0.03214179332733842,MPI_ESM1_2_XR
2044-04,-0.03214179332733842,MPI_ESM1_2_XR
2044-05,-0.03214179332733842,MPI_ESM1_2_XR
2044-06,0.5283562757302656,MPI_ESM1_2_XR
2044-07,1.2112318971881921,MPI_ESM1_2_XR
2044-08,1.083108794899642,MPI_ESM1_2_XR
2044-09,1.1758248511278118,MPI_ESM1_2_XR
2044-10,1.5281409871778329,MPI_ESM1_2_XR
2044-11,0.1812265519309042,MPI_ESM1_2_XR
2044-12,-0.03214179332733842,MPI_ESM1_2_XR
2045-01,-0.03214179332733842,MPI_ESM1_2_XR
2045-02,-0.03214179332733842,MPI_ESM1_2_XR
2045-03,-0.03214179332733842,MPI_ESM1_2_XR
2045-04,-0.03214179332733842,MPI_ESM1_2_XR
2045-05,-0.03214179332733842,MPI_ESM1_2_XR
2045-06,0.3376220144409866,MPI_ESM1_2_XR
2045-07,1.172306378969921,MPI_ESM1_2_XR
2045-08,1.6663086516507715,MPI_ESM1_2_XR
2045-09,1.34441914025883,MPI_ESM1_2_XR
2045-10,0.4592886504557635,MPI_ESM1_2_XR
2045-11,-0.03214179332733842,MPI_ESM1_2_XR
2045-12,-0.03214179332733842,MPI_ESM1_2_XR
2046-01,-0.03214179332733842,MPI_ESM1_2_XR
2046-02,0.034573285285475146,MPI_ESM1_2_XR
2046-03,-0.03214179332733842,MPI_ESM1_2_XR
2046-04,-0.03214179332733842,MPI_ESM1_2_XR
2046-05,0.010101398733385643,MPI_ESM1_2_XR
2046-06,0.008856659544981235,MPI_ESM1_2_XR
2046-07,0.8609539208023202,MPI_ESM1_2_XR
2046-08,1.393572565797084,MPI_ESM1_2_XR
2046-09,1.2098388373236537,MPI_ESM1_2_XR
2046-10,0.5809179917582371,MPI_ESM1_2_XR
2046-11,-0.03214179332733842,MPI_ESM1_2_XR
2046-12,-0.03214179332733842,MPI_ESM1_2_XR
2047-01,0.019349586843971877,MPI_ESM1_2_XR
2047-02,-0.03214179332733842,MPI_ESM1_2_XR
2047-03,-0.03214179332733842,MPI_ESM1_2_XR
2047-04,0.031722707902325516,MPI_ESM1_2_XR
2047-05,-0.03214179332733842,MPI_ESM1_2_XR
2047-06,-0.03214179332733842,MPI_ESM1_2_XR
2047-07,1.0269995134969805,MPI_ESM1_2_XR
2047-08,1.4217900010771793,MPI_ESM1_2_XR
2047-09,1.3072255386287237,MPI_ESM1_2_XR
2047-10,0.9829366735525189,MPI_ESM1_2_XR
2047-11,-0.03214179332733842,MPI_ESM1_2_XR
2047-12,-0.03214179332733842,MPI_ESM1_2_XR
2048-01,-0.03214179332733842,MPI_ESM1_2_XR
2048-02,-0.03214179332733842,MPI_ESM1_2_XR
2048-03,-0.03214179332733842,MPI_ESM1_2_XR
2048-04,-0.03214179332733842,MPI_ESM1_2_XR
2048-05,-0.03214179332733842,MPI_ESM1_2_XR
2048-06,0.41232683987345015,MPI_ESM1_2_XR
2048-07,1.2336607371734112,MPI_ESM1_2_XR
2048-08,1.105665533555488,MPI_ESM1_2_XR
2048-09,1.5680960309366525,MPI_ESM1_2_XR
2048-10,0.8221553160869979,MPI_ESM1_2_XR
2048-11,-0.03214179332733842,MPI_ESM1_2_XR
2048-12,-0.03214179332733842,MPI_ESM1_2_XR
2049-01,-0.03214179332733842,MPI_ESM1_2_XR
2049-02,-0.03214179332733842,MPI_ESM1_2_XR
2049-03,-0.03214179332733842,MPI_ESM1_2_XR
2049-04,0.03414363469625911,MPI_ESM1_2_XR
2049-05,-0.03214179332733842,MPI_ESM1_2_XR
2049-06,0.31712654036113175,MPI_ESM1_2_XR
2049-07,0.9507188350427033,MPI_ESM1_2_XR
2049-08,1.5659511744897263,MPI_ESM1_2_XR
2049-09,1.2938973498905244,MPI_ESM1_2_XR
2049-10,0.7277046873440491,MPI_ESM1_2_XR
2049-11,-0.03214179332733842,MPI_ESM1_2_XR
2049-12,-0.03214179332733842,MPI_ESM1_2_XR
2050-01,-0.03214179332733842,MPI_ESM1_2_XR
2050-02,-0.03214179332733842,MPI_ESM1_2_XR
2050-03,-0.03214179332733842,MPI_ESM1_2_XR
2050-04,-0.03214179332733842,MPI_ESM1_2_XR
2050-05,-0.03214179332733842,MPI_ESM1_2_XR
2050-06,0.41627584798147493,MPI_ESM1_2_XR
2050-07,0.5724852379157953,MPI_ESM1_2_XR
2050-08,1.1731482524395052,MPI_ESM1_2_XR
2050-09,1.2254825797084044,MPI_ESM1_2_XR
2050-10,0.6460761286808533,MPI_ESM1_2_XR
2050-11,0.001958240725127514,MPI_ESM1_2_XR
2050-12,-0.03214179332733842,MPI_ESM1_2_XR
2025-01,0.16137904273423911,NICAM16_8S
2025-02,0.16137904273423911,NICAM16_8S
2025-03,0.16137904273423911,NICAM16_8S
2025-04,0.16137904273423911,NICAM16_8S
2025-05,0.16137904273423911,NICAM16_8S
2025-06,0.44210058767620725,NICAM16_8S
2025-07,1.3751668185498243,NICAM16_8S
2025-08,2.133846864836948,NICAM16_8S
2025-09,1.1646717271088742,NICAM16_8S
2025-10,0.20216327782312063,NICAM16_8S
2025-11,0.3598486941773662,NICAM16_8S
2025-12,0.16137904273423911,NICAM16_8S
2026-01,0.16137904273423911,NICAM16_8S
2026-02,0.16137904273423911,NICAM16_8S
2026-03,0.16137904273423911,NICAM16_8S
2026-04,0.16137904273423911,NICAM16_8S
2026-05,0.16137904273423911,NICAM16_8S
2026-06,0.18695961379264506,NICAM16_8S
2026-07,2.1530129804767864,NICAM16_8S
2026-08,1.4867331019173804,NICAM16_8S
2026-09,1.2362638725410806,NICAM16_8S
2026-10,1.17821842652207,NICAM16_8S
2026-11,0.33787914512523404,NICAM16_8S
2026-12,0.16137904273423911,NICAM16_8S
2027-01,0.16137904273423911,NICAM16_8S
2027-02,0.16137904273423911,NICAM16_8S
2027-03,0.16137904273423911,NICAM16_8S
2027-04,0.16137904273423911,NICAM16_8S
2027-05,0.16137904273423911,NICAM16_8S
2027-06,0.16137904273423911,NICAM16_8S
2027-07,0.6637405805121763,NICAM16_8S
2027-08,1.186289484833652,NICAM16_8S
2027-09,0.9608567808807676,NICAM16_8S
2027-10,0.6906477334324825,NICAM16_8S
2027-11,0.47602126071636996,NICAM16_8S
2027-12,0.16137904273423911,NICAM16_8S
2028-01,0.16137904273423911,NICAM16_8S
2028-02,0.16137904273423911,NICAM16_8S
2028-03,0.16137904273423911,NICAM16_8S
2028-04,0.16137904273423911,NICAM16_8S
2028-05,0.16137904273423911,NICAM16_8S
2028-06,0.34972207907471164,NICAM16_8S
2028-07,0.16137904273423911,NICAM16_8S
2028-08,1.0224040031375716,NICAM16_8S
2028-09,2.22056506426644,NICAM16_8S
2028-10,1.4368569504853894,NICAM16_8S
2028-11,0.28871115923995805,NICAM16_8S
2028-12,0.16137904273423911,NICAM16_8S
2029-01,0.16137904273423911,NICAM16_8S
2029-02,0.16137904273423911,NICAM16_8S
2029-03,0.16137904273423911,NICAM16_8S
2029-04,0.16137904273423911,NICAM16_8S
2029-05,0.16137904273423911,NICAM16_8S
2029-06,0.16137904273423911,NICAM16_8S
2029-07,0.552641146583384,NICAM16_8S
2029-08,2.0101076998997303,NICAM16_8S
2029-09,1.3085757825968083,NICAM16_8S
2029-10,0.5189808731140761,NICAM16_8S
2029-11,0.16137904273423911,NICAM16_8S
2029-12,0.16137904273423911,NICAM16_8S
2030-01,0.16137904273423911,NICAM16_8S
2030-02,0.16137904273423911,NICAM16_8S
2030-03,0.16137904273423911,NICAM16_8S
2030-04,0.16137904273423911,NICAM16_8S
2030-05,0.19034178716713293,NICAM16_8S
2030-06,0.7887572575735394,NICAM16_8S
2030-07,0.6433924378340329,NICAM16_8S
2030-08,1.988467803998832,NICAM16_8S
2030-09,0.8834780387263752,NICAM16_8S
2030-10,1.0062699244245026,NICAM16_8S
2030-11,0.18499419364315103,NICAM16_8S
2030-12,0.16137904273423911,NICAM16_8S
2031-01,0.16137904273423911,NICAM16_8S
2031-02,0.16137904273423911,NICAM16_8S
2031-03,0.16137904273423911,NICAM16_8S
2031-04,0.16137904273423911,NICAM16_8S
2031-05,0.16137904273423911,NICAM16_8S
2031-06,0.6971807787542231,NICAM16_8S
2031-07,1.2416615163138953,NICAM16_8S
2031-08,2.586822254680216,NICAM16_8S
2031-09,0.6608506002770654,NICAM16_8S
2031-10,1.8998159923826556,NICAM16_8S
2031-11,0.16137904273423911,NICAM16_8S
2031-12,0.16137904273423911,NICAM16_8S
2032-01,0.16137904273423911,NICAM16_8S
2032-02,0.16137904273423911,NICAM16_8S
2032-03,0.16137904273423911,NICAM16_8S
2032-04,0.16137904273423911,NICAM16_8S
2032-05,0.2513433170798773,NICAM16_8S
2032-06,0.676522366788438,NICAM16_8S
2032-07,0.8260249441646519,NICAM16_8S
2032-08,1.4467707659641729,NICAM16_8S
2032-09,1.6606727150353846,NICAM16_8S
2032-10,0.7879146287543833,NICAM16_8S
2032-11,0.16137904273423911,NICAM16_8S
2032-12,0.16137904273423911,NICAM16_8S
2033-01,0.16137904273423911,NICAM16_8S
2033-02,0.16137904273423911,NICAM16_8S
2033-03,0.16137904273423911,NICAM16_8S
2033-04,0.16137904273423911,NICAM16_8S
2033-05,0.16137904273423911,NICAM16_8S
2033-06,0.16137904273423911,NICAM16_8S
2033-07,0.16137904273423911,NICAM16_8S
2033-08,0.8735228689999059,NICAM16_8S
2033-09,1.1049914921446353,NICAM16_8S
2033-10,1.00804305155325,NICAM16_8S
2033-11,0.16137904273423911,NICAM16_8S
2033-12,0.16137904273423911,NICAM16_8S
2034-01,0.16137904273423911,NICAM16_8S
2034-02,0.16137904273423911,NICAM16_8S
2034-03,0.16137904273423911,NICAM16_8S
2034-04,0.16137904273423911,NICAM16_8S
2034-05,0.16137904273423911,NICAM16_8S
2034-06,0.16137904273423911,NICAM16_8S
2034-07,0.4102819019400002,NICAM16_8S
2034-08,0.2777304999610287,NICAM16_8S
2034-09,2.16260781899851,NICAM16_8S
2034-10,1.0661303376580775,NICAM16_8S
2034-11,0.16137904273423911,NICAM16_8S
2034-12,0.16137904273423911,NICAM16_8S
2035-01,0.16137904273423911,NICAM16_8S
2035-02,0.16137904273423911,NICAM16_8S
2035-03,0.16137904273423911,NICAM16_8S
2035-04,0.16137904273423911,NICAM16_8S
2035-05,0.1863617462802064,NICAM16_8S
2035-06,0.8793117870341731,NICAM16_8S
2035-07,0.7855303686153406,NICAM16_8S
2035-08,1.1313374773354412,NICAM16_8S
2035-09,0.5177037881761508,NICAM16_8S
2035-10,1.4653556804516021,NICAM16_8S
2035-11,0.16137904273423911,NICAM16_8S
2035-12,0.16137904273423911,NICAM16_8S
2036-01,0.16137904273423911,NICAM16_8S
2036-02,0.16137904273423911,NICAM16_8S
2036-03,0.16137904273423911,NICAM16_8S
2036-04,0.16137904273423911,NICAM16_8S
2036-05,0.5572292901255088,NICAM16_8S
2036-06,0.16137904273423911,NICAM16_8S
2036-07,0.2989455396059058,NICAM16_8S
2036-08,0.5765142003804213,NICAM16_8S
2036-09,1.760854229581375,NICAM16_8S
2036-10,0.34519700199791914,NICAM16_8S
2036-11,0.2543450201568988,NICAM16_8S
2036-12,0.16137904273423911,NICAM16_8S
2037-01,0.16137904273423911,NICAM16_8S
2037-02,0.16137904273423911,NICAM16_8S
2037-03,0.16137904273423911,NICAM16_8S
2037-04,0.16137904273423911,NICAM16_8S
2037-05,0.1940367961910071,NICAM16_8S
2037-06,0.16137904273423911,NICAM16_8S
2037-07,0.4737807682904673,NICAM16_8S
2037-08,1.5800551509901306,NICAM16_8S
2037-09,0.6270313591207153,NICAM16_8S
2037-10,1.2913716259724382,NICAM16_8S
2037-11,0.16137904273423911,NICAM16_8S
2037-12,0.16137904273423911,NICAM16_8S
2038-01,0.16137904273423911,NICAM16_8S
2038-02,0.16137904273423911,NICAM16_8S
2038-03,0.16137904273423911,NICAM16_8S
2038-04,0.16137904273423911,NICAM16_8S
2038-05,0.16137904273423911,NICAM16_8S
2038-06,0.16137904273423911,NICAM16_8S
2038-07,0.16137904273423911,NICAM16_8S
2038-08,1.7664532172725043,NICAM16_8S
2038-09,0.24007035923234477,NICAM16_8S
2038-10,0.6985347197989499,NICAM16_8S
2038-11,0.16137904273423911,NICAM16_8S
2038-12,0.16137904273423911,NICAM16_8S
2039-01,0.16137904273423911,NICAM16_8S
2039-02,0.16137904273423911,NICAM16_8S
2039-03,0.16137904273423911,NICAM16_8S
2039-04,0.16137904273423911,NICAM16_8S
2039-05,0.16137904273423911,NICAM16_8S
2039-06,0.16137904273423911,NICAM16_8S
2039-07,1.0024763777479269,NICAM16_8S
2039-08,0.937661443562542,NICAM16_8S
2039-09,1.4893067621315625,NICAM16_8S
2039-10,0.4111339846749316,NICAM16_8S
2039-11,0.16137904273423911,NICAM16_8S
2039-12,0.16137904273423911,NICAM16_8S
2040-01,0.16137904273423911,NICAM16_8S
2040-02,0.16137904273423911,NICAM16_8S
2040-03,0.16137904273423911,NICAM16_8S
2040-04,0.16137904273423911,NICAM16_8S
2040-05,0.16137904273423911,NICAM16_8S
2040-06,0.16137904273423911,NICAM16_8S
2040-07,0.8859056668269656,NICAM16_8S
2040-08,0.8976569153111575,NICAM16_8S
2040-09,0.9482714008632726,NICAM16_8S
2040-10,0.3271914694179545,NICAM16_8S
2040-11,0.16137904273423911,NICAM16_8S
2040-12,0.16137904273423911,NICAM16_8S
2041-01,0.16137904273423911,NICAM16_8S
2041-02,0.16137904273423911,NICAM16_8S
2041-03,0.16137904273423911,NICAM16_8S
2041-04,0.16137904273423911,NICAM16_8S
2041-05,0.20859518250900738,NICAM16_8S
2041-06,1.2182356498340041,NICAM16_8S
2041-07,0.1905870996822096,NICAM16_8S
2041-08,0.7755786058265084,NICAM16_8S
2041-09,1.4565037628715847,NICAM16_8S
2041-10,1.2072347941967607,NICAM16_8S
2041-11,0.16137904273423911,NICAM16_8S
2041-12,0.16137904273423911,NICAM16_8S
2042-01,0.16137904273423911,NICAM16_8S
2042-02,0.16137904273423911,NICAM16_8S
2042-03,0.16137904273423911,NICAM16_8S
2042-04,0.16137904273423911,NICAM16_8S
2042-05,0.27445222387996615,NICAM16_8S
2042-06,0.7820576206332815,NICAM16_8S
2042-07,0.2543406427370404,NICAM16_8S
2042-08,0.9086121485440034,NICAM16_8S
2042-09,0.9928409962545576,NICAM16_8S
2042-10,1.1782254217573487,NICAM16_8S
2042-11,0.42553619980688606,NICAM16_8S
2042-12,0.16137904273423911,NICAM16_8S
2043-01,0.16137904273423911,NICAM16_8S
2043-02,0.16137904273423911,NICAM16_8S
2043-03,0.16137904273423911,NICAM16_8S
2043-04,0.16137904273423911,NICAM16_8S
2043-05,0.2697818442767779,NICAM16_8S
2043-06,0.16137904273423911,NICAM16_8S
2043-07,0.30079866830109125,NICAM16_8S
2043-08,1.1609107363158426,NICAM16_8S
2043-09,0.6983511635165796,NICAM16_8S
2043-10,0.53731950545048,NICAM16_8S
2043-11,0.18470423990141288,NICAM16_8S
2043-12,0.16137904273423911,NICAM16_8S
2044-01,0.16137904273423911,NICAM16_8S
2044-02,0.16137904273423911,NICAM16_8S
2044-03,0.16137904273423911,NICAM16_8S
2044-04,0.16137904273423911,NICAM16_8S
2044-05,0.5867487275082257,NICAM16_8S
2044-06,0.9771494490214695,NICAM16_8S
2044-07,0.42837586824457985,NICAM16_8S
2044-08,1.6679278705744474,NICAM16_8S
2044-09,1.2844024583021403,NICAM16_8S
2044-10,0.5633904394241069,NICAM16_8S
2044-11,0.16137904273423911,NICAM16_8S
2044-12,0.16137904273423911,NICAM16_8S
2045-01,0.16137904273423911,NICAM16_8S
2045-02,0.16137904273423911,NICAM16_8S
2045-03,0.16137904273423911,NICAM16_8S
2045-04,0.16137904273423911,NICAM16_8S
2045-05,0.16137904273423911,NICAM16_8S
2045-06,0.16137904273423911,NICAM16_8S
2045-07,0.29789766080617186,NICAM16_8S
2045-08,1.147187133966034,NICAM16_8S
2045-09,1.9177228026708584,NICAM16_8S
2045-10,0.6736545354786295,NICAM16_8S
2045-11,0.16137904273423911,NICAM16_8S
2045-12,0.16137904273423911,NICAM16_8S
2046-01,0.16137904273423911,NICAM16_8S
2046-02,0.16137904273423911,NICAM16_8S
2046-03,0.16137904273423911,NICAM16_8S
2046-04,0.16137904273423911,NICAM16_8S
2046-05,0.16137904273423911,NICAM16_8S
2046-06,0.3440287097410305,NICAM16_8S
2046-07,0.7386282816841991,NICAM16_8S
2046-08,2.537656630920326,NICAM16_8S
2046-09,0.7875261950826438,NICAM16_8S
2046-10,1.0177663480063677,NICAM16_8S
2046-11,0.16137904273423911,NICAM16_8S
2046-12,0.16137904273423911,NICAM16_8S
2047-01,0.16137904273423911,NICAM16_8S
2047-02,0.16137904273423911,NICAM16_8S
2047-03,0.16137904273423911,NICAM16_8S
2047-04,0.16137904273423911,NICAM16_8S
2047-05,0.16137904273423911,NICAM16_8S
2047-06,1.4803827844074817,NICAM16_8S
2047-07,0.5126219485895662,NICAM16_8S
2047-08,2.664748280016446,NICAM16_8S
2047-09,0.7120301149596626,NICAM16_8S
2047-10,1.2450099737790654,NICAM16_8S
2047-11,0.16137904273423911,NICAM16_8S
2047-12,0.16137904273423911,NICAM16_8S
2048-01,0.16137904273423911,NICAM16_8S
2048-02,0.16137904273423911,NICAM16_8S
2048-03,0.16137904273423911,NICAM16_8S
2048-04,0.16137904273423911,NICAM16_8S
2048-05,0.5751368460560805,NICAM16_8S
2048-06,0.7708130163940208,NICAM16_8S
2048-07,0.5697864832102462,NICAM16_8S
2048-08,1.1534752414551304,NICAM16_8S
2048-09,1.3257447007112764,NICAM16_8S
2048-10,1.4513753256263935,NICAM16_8S
2048-11,0.3874616358502092,NICAM16_8S
2048-12,0.16137904273423911,NICAM16_8S
2049-01,0.16137904273423911,NICAM16_8S
2049-02,0.16137904273423911,NICAM16_8S
2049-03,0.16137904273423911,NICAM16_8S
2049-04,0.16137904273423911,NICAM16_8S
2049-05,0.16137904273423911,NICAM16_8S
2049-06,0.33429578823471495,NICAM16_8S
2049-07,0.5345638232686383,NICAM16_8S
2049-08,1.5544080654553287,NICAM16_8S
2049-09,0.9544324678853919,NICAM16_8S
2049-10,0.6844215069181588,NICAM16_8S
2049-11,0.30795916705924165,NICAM16_8S
2049-12,0.16137904273423911,NICAM16_8S
2050-01,0.16137904273423911,NICAM16_8S
2050-02,0.16137904273423911,NICAM16_8S
2050-03,0.16137904273423911,NICAM16_8S
2050-04,0.16137904273423911,NICAM16_8S
2050-05,0.16137904273423911,NICAM16_8S
2050-06,0.2400855508806106,NICAM16_8S
2050-07,0.16137904273423911,NICAM16_8S
2050-08,1.223786667763634,NICAM16_8S
2050-09,1.3732281162149051,NICAM16_8S
2050-10,0.5284280400907426,NICAM16_8S
2050-11,0.8537559778827557,NICAM16_8S
2050-12,0.16137904273423911,NICAM16_8S
